-- Adminer 3.6.1 MySQL dump

SET NAMES utf8;
SET foreign_key_checks = 0;
SET time_zone = 'SYSTEM';
SET sql_mode = 'NO_AUTO_VALUE_ON_ZERO';

DROP TABLE IF EXISTS `rzrv_Barcodes`;
CREATE TABLE `rzrv_Barcodes` (
  `barcode` varchar(20) NOT NULL,
  `sold` varchar(3) NOT NULL
) ENGINE=MyISAM DEFAULT CHARSET=latin1;

-- tento neni platny, ale pro ukazku
INSERT INTO `rzrv_Barcodes` (`barcode`, `sold`) VALUES
('00',	'Y');


DROP TABLE IF EXISTS `rzrv_Hall`;
CREATE TABLE `rzrv_Hall` (
  `id` int(11) NOT NULL auto_increment,
  `name` varchar(300) character set utf8 collate utf8_czech_ci NOT NULL,
  `hall_type_ID` int(11) NOT NULL,
  `order` int(11) NOT NULL,
  `model` varchar(300) character set utf8 collate utf8_czech_ci NOT NULL,
  `model_small` varchar(300) character set utf8 collate utf8_czech_ci NOT NULL,
  `width` int(11) NOT NULL COMMENT 'sirka mapy v pixelech',
  `height` int(11) NOT NULL COMMENT 'vyska mapy v pixelech',
  PRIMARY KEY  (`id`)
) ENGINE=MyISAM DEFAULT CHARSET=latin1;

INSERT INTO `rzrv_Hall` (`id`, `name`, `hall_type_ID`, `order`, `model`, `model_small`, `width`, `height`) VALUES
(5,	'Malý sál',	1,	1,	'maly.jpg',	'_maly.gif',	500,	200),
(6,	'Rytířský sál',	1,	2,	'rytirsky.jpg',	'_rytirsky.gif',	550,	650),
(7,	'Velký sál - parket',	1,	3,	'velky.jpg',	'_velky.gif',	670,	600),
(8,	'Primátorský salonek',	1,	9,	'velky.jpg',	'_velky.gif',	370,	370),
(9,	'Velký sál - galerie',	1,	5,	'galerie.jpg',	'_galerie.gif',	350,	750),
(10,	'Velký sál - přísálí',	1,	6,	'velky.jpg',	'_velky.gif',	300,	650),
(11,	'Velký sál - mušle',	1,	7,	'musle.jpg',	'_musle.gif',	350,	200),
(12,	'Na stání',	2,	10,	'',	'',	500,	370);

DROP TABLE IF EXISTS `rzrv_Hall_type`;
CREATE TABLE `rzrv_Hall_type` (
  `id` int(11) NOT NULL auto_increment,
  `name` varchar(300) character set utf8 collate utf8_czech_ci NOT NULL COMMENT 'typ - na stání, na sezení',
  `order` int(11) NOT NULL,
  `price` int(11) NOT NULL,
  `reserv_days` int(11) NOT NULL COMMENT 'jak dlouho je mozne rezervovat',
  `reserv_from_dt` datetime NOT NULL,
  `reserv_to_dt` datetime NOT NULL,
  `cancel_to_dt` datetime NOT NULL,
  PRIMARY KEY  (`id`)
) ENGINE=MyISAM DEFAULT CHARSET=latin1;

INSERT INTO `rzrv_Hall_type` (`id`, `name`, `order`, `price`, `reserv_days`, `reserv_from_dt`, `reserv_to_dt`, `cancel_to_dt`) VALUES
(1,	'Na sezení',	1,	250,	0,	'2013-01-24 01:33:52',	'2013-01-27 01:33:52',	'2013-01-20 01:33:52'),
(2,	'Na stání',	2,	200,	0,	'2013-01-24 01:33:52',	'2013-01-27 01:33:52',	'2013-01-20 01:33:52');

DROP TABLE IF EXISTS `rzrv_Prispevek`;
CREATE TABLE `rzrv_Prispevek` (
  `forced_key` int(11) NOT NULL auto_increment,
  `user_ID` int(11) NOT NULL,
  `text` varchar(10000) character set utf8 collate utf8_czech_ci NOT NULL,
  `time` datetime NOT NULL,
  PRIMARY KEY  (`forced_key`)
) ENGINE=MyISAM DEFAULT CHARSET=latin1;

INSERT INTO `rzrv_Prispevek` (`forced_key`, `user_ID`, `text`, `time`) VALUES
(37,	2,	'Vítejte v diskuzi k matfyzáckému plesu.',	'2013-01-24 02:17:01');

DROP TABLE IF EXISTS `rzrv_Seats`;
CREATE TABLE `rzrv_Seats` (
  `seat_number` int(11) NOT NULL auto_increment,
  `hall_ID` int(11) NOT NULL,
  `status` varchar(3) NOT NULL default 'A' COMMENT 'status vstupenky (A - available, R - reserved, S - sold)',
  `sold_dt` datetime NOT NULL COMMENT 'cas prodeje vstupenky',
  `sold_by_ID` int(11) NOT NULL COMMENT 'ID uzivatele, ktery vstupenku prodal',
  `label` char(30) NOT NULL COMMENT 'textovy popisek sedadla',
  `customer_ID` int(11) NOT NULL COMMENT 'ID uzivatele, co ma vstupenku',
  `table_number` int(11) NOT NULL,
  `x` int(11) NOT NULL,
  `y` int(11) NOT NULL,
  `reserv_dt` datetime NOT NULL COMMENT 'V pripade rezervace - kdy',
  `reserv_to_dt` datetime NOT NULL COMMENT 'v pripade rezervace - dokdy',
  `cancel_to_dt` datetime NOT NULL COMMENT 'v pripade rezervace - kdy mozno koncit',
  `reserved_by` int(11) NOT NULL COMMENT 'kdo rezervoval tento listek?',
  `barcode` varchar(20) NOT NULL,
  `pseudorandom` varchar(60) NOT NULL,
  PRIMARY KEY  (`seat_number`,`hall_ID`)
) ENGINE=MyISAM DEFAULT CHARSET=latin1;

INSERT INTO `rzrv_Seats` (`seat_number`, `hall_ID`, `status`, `sold_dt`, `sold_by_ID`, `label`, `customer_ID`, `table_number`, `x`, `y`, `reserv_dt`, `reserv_to_dt`, `cancel_to_dt`, `reserved_by`, `barcode`, `pseudorandom`) VALUES
(108,	6,	'A',	'0000-00-00 00:00:00',	0,	'',	0,	27,	56,	59,	'0000-00-00 00:00:00',	'0000-00-00 00:00:00',	'0000-00-00 00:00:00',	0,	'',	''),
(107,	6,	'A',	'0000-00-00 00:00:00',	0,	'',	0,	27,	31,	59,	'0000-00-00 00:00:00',	'0000-00-00 00:00:00',	'0000-00-00 00:00:00',	0,	'',	''),
(106,	6,	'A',	'0000-00-00 00:00:00',	0,	'',	0,	27,	56,	13,	'0000-00-00 00:00:00',	'0000-00-00 00:00:00',	'0000-00-00 00:00:00',	0,	'',	''),
(105,	6,	'A',	'0000-00-00 00:00:00',	0,	'',	0,	27,	31,	13,	'0000-00-00 00:00:00',	'0000-00-00 00:00:00',	'0000-00-00 00:00:00',	0,	'',	''),
(112,	6,	'A',	'0000-00-00 00:00:00',	0,	'',	0,	28,	56,	132,	'0000-00-00 00:00:00',	'0000-00-00 00:00:00',	'0000-00-00 00:00:00',	0,	'',	''),
(111,	6,	'A',	'0000-00-00 00:00:00',	0,	'',	0,	28,	31,	132,	'0000-00-00 00:00:00',	'0000-00-00 00:00:00',	'0000-00-00 00:00:00',	0,	'',	''),
(110,	6,	'A',	'0000-00-00 00:00:00',	0,	'',	0,	28,	56,	86,	'0000-00-00 00:00:00',	'0000-00-00 00:00:00',	'0000-00-00 00:00:00',	0,	'',	''),
(109,	6,	'A',	'0000-00-00 00:00:00',	0,	'',	0,	28,	31,	86,	'0000-00-00 00:00:00',	'0000-00-00 00:00:00',	'0000-00-00 00:00:00',	0,	'',	''),
(116,	6,	'A',	'0000-00-00 00:00:00',	0,	'',	0,	29,	56,	202,	'0000-00-00 00:00:00',	'0000-00-00 00:00:00',	'0000-00-00 00:00:00',	0,	'',	''),
(115,	6,	'A',	'0000-00-00 00:00:00',	0,	'',	0,	29,	31,	202,	'0000-00-00 00:00:00',	'0000-00-00 00:00:00',	'0000-00-00 00:00:00',	0,	'',	''),
(114,	6,	'A',	'0000-00-00 00:00:00',	0,	'',	0,	29,	56,	156,	'0000-00-00 00:00:00',	'0000-00-00 00:00:00',	'0000-00-00 00:00:00',	0,	'',	''),
(113,	6,	'A',	'0000-00-00 00:00:00',	0,	'',	0,	29,	31,	156,	'0000-00-00 00:00:00',	'0000-00-00 00:00:00',	'0000-00-00 00:00:00',	0,	'',	''),
(120,	6,	'A',	'0000-00-00 00:00:00',	0,	'',	0,	30,	56,	276,	'0000-00-00 00:00:00',	'0000-00-00 00:00:00',	'0000-00-00 00:00:00',	0,	'',	''),
(119,	6,	'A',	'0000-00-00 00:00:00',	0,	'',	0,	30,	31,	276,	'0000-00-00 00:00:00',	'0000-00-00 00:00:00',	'0000-00-00 00:00:00',	0,	'',	''),
(118,	6,	'A',	'0000-00-00 00:00:00',	0,	'',	0,	30,	56,	230,	'0000-00-00 00:00:00',	'0000-00-00 00:00:00',	'0000-00-00 00:00:00',	0,	'',	''),
(117,	6,	'A',	'0000-00-00 00:00:00',	0,	'',	0,	30,	31,	230,	'0000-00-00 00:00:00',	'0000-00-00 00:00:00',	'0000-00-00 00:00:00',	0,	'',	''),
(140,	6,	'A',	'0000-00-00 00:00:00',	0,	'',	0,	35,	65,	627,	'0000-00-00 00:00:00',	'0000-00-00 00:00:00',	'0000-00-00 00:00:00',	0,	'',	''),
(139,	6,	'A',	'0000-00-00 00:00:00',	0,	'',	0,	35,	65,	604,	'0000-00-00 00:00:00',	'0000-00-00 00:00:00',	'0000-00-00 00:00:00',	0,	'',	''),
(138,	6,	'A',	'0000-00-00 00:00:00',	0,	'',	0,	35,	14,	627,	'0000-00-00 00:00:00',	'0000-00-00 00:00:00',	'0000-00-00 00:00:00',	0,	'',	''),
(137,	6,	'A',	'0000-00-00 00:00:00',	0,	'',	0,	35,	14,	604,	'0000-00-00 00:00:00',	'0000-00-00 00:00:00',	'0000-00-00 00:00:00',	0,	'',	''),
(136,	6,	'A',	'0000-00-00 00:00:00',	0,	'',	0,	34,	65,	555,	'0000-00-00 00:00:00',	'0000-00-00 00:00:00',	'0000-00-00 00:00:00',	0,	'',	''),
(135,	6,	'A',	'0000-00-00 00:00:00',	0,	'',	0,	34,	65,	532,	'0000-00-00 00:00:00',	'0000-00-00 00:00:00',	'0000-00-00 00:00:00',	0,	'',	''),
(134,	6,	'A',	'0000-00-00 00:00:00',	0,	'',	0,	34,	14,	555,	'0000-00-00 00:00:00',	'0000-00-00 00:00:00',	'0000-00-00 00:00:00',	0,	'',	''),
(133,	6,	'A',	'0000-00-00 00:00:00',	0,	'',	0,	34,	14,	532,	'0000-00-00 00:00:00',	'0000-00-00 00:00:00',	'0000-00-00 00:00:00',	0,	'',	''),
(132,	6,	'A',	'0000-00-00 00:00:00',	0,	'',	0,	33,	65,	494,	'0000-00-00 00:00:00',	'0000-00-00 00:00:00',	'0000-00-00 00:00:00',	0,	'',	''),
(131,	6,	'A',	'0000-00-00 00:00:00',	0,	'',	0,	33,	65,	471,	'0000-00-00 00:00:00',	'0000-00-00 00:00:00',	'0000-00-00 00:00:00',	0,	'',	''),
(130,	6,	'A',	'0000-00-00 00:00:00',	0,	'',	0,	33,	14,	494,	'0000-00-00 00:00:00',	'0000-00-00 00:00:00',	'0000-00-00 00:00:00',	0,	'',	''),
(129,	6,	'A',	'0000-00-00 00:00:00',	0,	'',	0,	33,	14,	471,	'0000-00-00 00:00:00',	'0000-00-00 00:00:00',	'0000-00-00 00:00:00',	0,	'',	''),
(128,	6,	'A',	'0000-00-00 00:00:00',	0,	'',	0,	32,	56,	430,	'0000-00-00 00:00:00',	'0000-00-00 00:00:00',	'0000-00-00 00:00:00',	0,	'',	''),
(127,	6,	'A',	'0000-00-00 00:00:00',	0,	'',	0,	32,	31,	430,	'0000-00-00 00:00:00',	'0000-00-00 00:00:00',	'0000-00-00 00:00:00',	0,	'',	''),
(126,	6,	'A',	'0000-00-00 00:00:00',	0,	'',	0,	32,	56,	384,	'0000-00-00 00:00:00',	'0000-00-00 00:00:00',	'0000-00-00 00:00:00',	0,	'',	''),
(125,	6,	'A',	'0000-00-00 00:00:00',	0,	'',	0,	32,	31,	384,	'0000-00-00 00:00:00',	'0000-00-00 00:00:00',	'0000-00-00 00:00:00',	0,	'',	''),
(124,	6,	'A',	'0000-00-00 00:00:00',	0,	'',	0,	31,	56,	363,	'0000-00-00 00:00:00',	'0000-00-00 00:00:00',	'0000-00-00 00:00:00',	0,	'',	''),
(123,	6,	'A',	'0000-00-00 00:00:00',	0,	'',	0,	31,	31,	363,	'0000-00-00 00:00:00',	'0000-00-00 00:00:00',	'0000-00-00 00:00:00',	0,	'',	''),
(122,	6,	'A',	'0000-00-00 00:00:00',	0,	'',	0,	31,	56,	317,	'0000-00-00 00:00:00',	'0000-00-00 00:00:00',	'0000-00-00 00:00:00',	0,	'',	''),
(121,	6,	'A',	'0000-00-00 00:00:00',	0,	'',	0,	31,	31,	317,	'0000-00-00 00:00:00',	'0000-00-00 00:00:00',	'0000-00-00 00:00:00',	0,	'',	''),
(72,	6,	'A',	'0000-00-00 00:00:00',	0,	'',	0,	18,	151,	627,	'0000-00-00 00:00:00',	'0000-00-00 00:00:00',	'0000-00-00 00:00:00',	0,	'',	''),
(71,	6,	'A',	'0000-00-00 00:00:00',	0,	'',	0,	18,	151,	604,	'0000-00-00 00:00:00',	'0000-00-00 00:00:00',	'0000-00-00 00:00:00',	0,	'',	''),
(70,	6,	'A',	'0000-00-00 00:00:00',	0,	'',	0,	18,	100,	627,	'0000-00-00 00:00:00',	'0000-00-00 00:00:00',	'0000-00-00 00:00:00',	0,	'',	''),
(69,	6,	'A',	'0000-00-00 00:00:00',	0,	'',	0,	18,	100,	604,	'0000-00-00 00:00:00',	'0000-00-00 00:00:00',	'0000-00-00 00:00:00',	0,	'',	''),
(76,	6,	'A',	'0000-00-00 00:00:00',	0,	'',	0,	19,	151,	555,	'0000-00-00 00:00:00',	'0000-00-00 00:00:00',	'0000-00-00 00:00:00',	0,	'',	''),
(75,	6,	'A',	'0000-00-00 00:00:00',	0,	'',	0,	19,	151,	532,	'0000-00-00 00:00:00',	'0000-00-00 00:00:00',	'0000-00-00 00:00:00',	0,	'',	''),
(74,	6,	'A',	'0000-00-00 00:00:00',	0,	'',	0,	19,	100,	555,	'0000-00-00 00:00:00',	'0000-00-00 00:00:00',	'0000-00-00 00:00:00',	0,	'',	''),
(73,	6,	'A',	'0000-00-00 00:00:00',	0,	'',	0,	19,	100,	532,	'0000-00-00 00:00:00',	'0000-00-00 00:00:00',	'0000-00-00 00:00:00',	0,	'',	''),
(80,	6,	'A',	'0000-00-00 00:00:00',	0,	'',	0,	20,	151,	493,	'0000-00-00 00:00:00',	'0000-00-00 00:00:00',	'0000-00-00 00:00:00',	0,	'',	''),
(79,	6,	'A',	'0000-00-00 00:00:00',	0,	'',	0,	20,	151,	470,	'0000-00-00 00:00:00',	'0000-00-00 00:00:00',	'0000-00-00 00:00:00',	0,	'',	''),
(78,	6,	'A',	'0000-00-00 00:00:00',	0,	'',	0,	20,	100,	493,	'0000-00-00 00:00:00',	'0000-00-00 00:00:00',	'0000-00-00 00:00:00',	0,	'',	''),
(77,	6,	'A',	'0000-00-00 00:00:00',	0,	'',	0,	20,	100,	470,	'0000-00-00 00:00:00',	'0000-00-00 00:00:00',	'0000-00-00 00:00:00',	0,	'',	''),
(84,	6,	'A',	'0000-00-00 00:00:00',	0,	'',	0,	21,	151,	419,	'0000-00-00 00:00:00',	'0000-00-00 00:00:00',	'0000-00-00 00:00:00',	0,	'',	''),
(83,	6,	'A',	'0000-00-00 00:00:00',	0,	'',	0,	21,	151,	396,	'0000-00-00 00:00:00',	'0000-00-00 00:00:00',	'0000-00-00 00:00:00',	0,	'',	''),
(82,	6,	'A',	'0000-00-00 00:00:00',	0,	'',	0,	21,	100,	419,	'0000-00-00 00:00:00',	'0000-00-00 00:00:00',	'0000-00-00 00:00:00',	0,	'',	''),
(81,	6,	'A',	'0000-00-00 00:00:00',	0,	'',	0,	21,	100,	396,	'0000-00-00 00:00:00',	'0000-00-00 00:00:00',	'0000-00-00 00:00:00',	0,	'',	''),
(88,	6,	'A',	'0000-00-00 00:00:00',	0,	'',	0,	22,	151,	350,	'0000-00-00 00:00:00',	'0000-00-00 00:00:00',	'0000-00-00 00:00:00',	0,	'',	''),
(87,	6,	'A',	'0000-00-00 00:00:00',	0,	'',	0,	22,	151,	327,	'0000-00-00 00:00:00',	'0000-00-00 00:00:00',	'0000-00-00 00:00:00',	0,	'',	''),
(86,	6,	'A',	'0000-00-00 00:00:00',	0,	'',	0,	22,	100,	350,	'0000-00-00 00:00:00',	'0000-00-00 00:00:00',	'0000-00-00 00:00:00',	0,	'',	''),
(85,	6,	'A',	'0000-00-00 00:00:00',	0,	'',	0,	22,	100,	327,	'0000-00-00 00:00:00',	'0000-00-00 00:00:00',	'0000-00-00 00:00:00',	0,	'',	''),
(92,	6,	'A',	'0000-00-00 00:00:00',	0,	'',	0,	23,	143,	277,	'0000-00-00 00:00:00',	'0000-00-00 00:00:00',	'0000-00-00 00:00:00',	0,	'',	''),
(91,	6,	'A',	'0000-00-00 00:00:00',	0,	'',	0,	23,	118,	277,	'0000-00-00 00:00:00',	'0000-00-00 00:00:00',	'0000-00-00 00:00:00',	0,	'',	''),
(90,	6,	'A',	'0000-00-00 00:00:00',	0,	'',	0,	23,	143,	231,	'0000-00-00 00:00:00',	'0000-00-00 00:00:00',	'0000-00-00 00:00:00',	0,	'',	''),
(89,	6,	'A',	'0000-00-00 00:00:00',	0,	'',	0,	23,	118,	231,	'0000-00-00 00:00:00',	'0000-00-00 00:00:00',	'0000-00-00 00:00:00',	0,	'',	''),
(96,	6,	'A',	'0000-00-00 00:00:00',	0,	'',	0,	24,	144,	201,	'0000-00-00 00:00:00',	'0000-00-00 00:00:00',	'0000-00-00 00:00:00',	0,	'',	''),
(95,	6,	'A',	'0000-00-00 00:00:00',	0,	'',	0,	24,	119,	201,	'0000-00-00 00:00:00',	'0000-00-00 00:00:00',	'0000-00-00 00:00:00',	0,	'',	''),
(94,	6,	'A',	'0000-00-00 00:00:00',	0,	'',	0,	24,	144,	155,	'0000-00-00 00:00:00',	'0000-00-00 00:00:00',	'0000-00-00 00:00:00',	0,	'',	''),
(93,	6,	'A',	'0000-00-00 00:00:00',	0,	'',	0,	24,	119,	155,	'0000-00-00 00:00:00',	'0000-00-00 00:00:00',	'0000-00-00 00:00:00',	0,	'',	''),
(100,	6,	'A',	'0000-00-00 00:00:00',	0,	'',	0,	25,	145,	131,	'0000-00-00 00:00:00',	'0000-00-00 00:00:00',	'0000-00-00 00:00:00',	0,	'',	''),
(99,	6,	'A',	'0000-00-00 00:00:00',	0,	'',	0,	25,	120,	131,	'0000-00-00 00:00:00',	'0000-00-00 00:00:00',	'0000-00-00 00:00:00',	0,	'',	''),
(1,	5,	'A',	'0000-00-00 00:00:00',	0,	'',	2,	1,	422,	136,	'2013-01-22 09:10:32',	'2013-01-26 09:10:32',	'2013-01-20 01:33:52',	2,	'',	''),
(2,	5,	'A',	'0000-00-00 00:00:00',	0,	'',	2,	1,	422,	159,	'2013-01-22 09:10:32',	'2013-01-26 09:10:32',	'2013-01-20 01:33:52',	2,	'',	''),
(3,	5,	'A',	'0000-00-00 00:00:00',	0,	'',	2,	1,	449,	112,	'2013-01-22 09:10:32',	'2013-01-26 09:10:32',	'2013-01-20 01:33:52',	2,	'',	''),
(4,	5,	'A',	'0000-00-00 00:00:00',	0,	'',	2,	1,	473,	136,	'2013-01-22 09:10:32',	'2013-01-26 09:10:32',	'2013-01-20 01:33:52',	2,	'',	''),
(5,	5,	'A',	'0000-00-00 00:00:00',	0,	'',	2,	1,	473,	159,	'2013-01-22 09:10:32',	'2013-01-26 09:10:32',	'2013-01-20 01:33:52',	2,	'',	''),
(6,	5,	'A',	'0000-00-00 00:00:00',	0,	'',	2,	1,	449,	184,	'2013-01-22 09:10:32',	'2013-01-26 09:10:32',	'2013-01-20 01:33:52',	2,	'',	''),
(7,	5,	'A',	'0000-00-00 00:00:00',	0,	'',	0,	2,	346,	136,	'0000-00-00 00:00:00',	'0000-00-00 00:00:00',	'0000-00-00 00:00:00',	0,	'',	''),
(8,	5,	'A',	'0000-00-00 00:00:00',	0,	'',	0,	2,	346,	159,	'0000-00-00 00:00:00',	'0000-00-00 00:00:00',	'0000-00-00 00:00:00',	0,	'',	''),
(9,	5,	'A',	'0000-00-00 00:00:00',	0,	'',	0,	2,	373,	112,	'0000-00-00 00:00:00',	'0000-00-00 00:00:00',	'0000-00-00 00:00:00',	0,	'',	''),
(10,	5,	'A',	'0000-00-00 00:00:00',	0,	'',	0,	2,	397,	136,	'0000-00-00 00:00:00',	'0000-00-00 00:00:00',	'0000-00-00 00:00:00',	0,	'',	''),
(11,	5,	'A',	'0000-00-00 00:00:00',	0,	'',	0,	2,	397,	159,	'0000-00-00 00:00:00',	'0000-00-00 00:00:00',	'0000-00-00 00:00:00',	0,	'',	''),
(12,	5,	'A',	'0000-00-00 00:00:00',	0,	'',	0,	2,	373,	184,	'0000-00-00 00:00:00',	'0000-00-00 00:00:00',	'0000-00-00 00:00:00',	0,	'',	''),
(13,	5,	'A',	'0000-00-00 00:00:00',	0,	'',	41,	3,	271,	136,	'2013-01-22 16:47:18',	'2013-01-30 16:47:18',	'2013-01-20 01:33:52',	2,	'',	''),
(14,	5,	'A',	'0000-00-00 00:00:00',	0,	'',	41,	3,	271,	159,	'2013-01-22 16:47:18',	'2013-01-30 16:47:18',	'2013-01-20 01:33:52',	2,	'',	''),
(15,	5,	'A',	'0000-00-00 00:00:00',	0,	'',	41,	3,	298,	112,	'2013-01-22 16:47:18',	'2013-01-30 16:47:18',	'2013-01-20 01:33:52',	2,	'',	''),
(16,	5,	'A',	'0000-00-00 00:00:00',	0,	'',	41,	3,	322,	136,	'2013-01-22 16:47:18',	'2013-01-30 16:47:18',	'2013-01-20 01:33:52',	2,	'',	''),
(17,	5,	'A',	'0000-00-00 00:00:00',	0,	'',	41,	3,	322,	159,	'2013-01-22 16:47:18',	'2013-01-30 16:47:18',	'2013-01-20 01:33:52',	2,	'',	''),
(18,	5,	'A',	'0000-00-00 00:00:00',	0,	'',	41,	3,	298,	184,	'2013-01-22 16:47:18',	'2013-01-30 16:47:18',	'2013-01-20 01:33:52',	2,	'',	''),
(19,	5,	'A',	'0000-00-00 00:00:00',	0,	'',	41,	4,	195,	136,	'2013-01-22 16:47:18',	'2013-01-30 16:47:18',	'2013-01-20 01:33:52',	2,	'',	''),
(20,	5,	'A',	'0000-00-00 00:00:00',	0,	'',	41,	4,	195,	159,	'2013-01-22 16:47:18',	'2013-01-30 16:47:18',	'2013-01-20 01:33:52',	2,	'',	''),
(21,	5,	'A',	'0000-00-00 00:00:00',	0,	'',	41,	4,	222,	112,	'2013-01-22 16:47:18',	'2013-01-30 16:47:18',	'2013-01-20 01:33:52',	2,	'',	''),
(22,	5,	'A',	'0000-00-00 00:00:00',	0,	'',	41,	4,	246,	136,	'2013-01-22 16:47:18',	'2013-01-30 16:47:18',	'2013-01-20 01:33:52',	2,	'',	''),
(23,	5,	'A',	'0000-00-00 00:00:00',	0,	'',	41,	4,	246,	159,	'2013-01-22 16:47:18',	'2013-01-30 16:47:18',	'2013-01-20 01:33:52',	2,	'',	''),
(24,	5,	'A',	'0000-00-00 00:00:00',	0,	'',	41,	4,	222,	184,	'2013-01-22 16:47:18',	'2013-01-30 16:47:18',	'2013-01-20 01:33:52',	2,	'',	''),
(25,	5,	'A',	'0000-00-00 00:00:00',	0,	'',	41,	5,	120,	136,	'2013-01-22 16:47:18',	'2013-01-30 16:47:18',	'2013-01-20 01:33:52',	2,	'',	''),
(26,	5,	'A',	'0000-00-00 00:00:00',	0,	'',	41,	5,	120,	159,	'2013-01-22 16:47:18',	'2013-01-30 16:47:18',	'2013-01-20 01:33:52',	2,	'',	''),
(27,	5,	'A',	'0000-00-00 00:00:00',	0,	'',	41,	5,	147,	112,	'2013-01-22 16:47:18',	'2013-01-30 16:47:18',	'2013-01-20 01:33:52',	2,	'',	''),
(28,	5,	'A',	'0000-00-00 00:00:00',	0,	'',	41,	5,	171,	136,	'2013-01-22 16:47:18',	'2013-01-30 16:47:18',	'2013-01-20 01:33:52',	2,	'',	''),
(29,	5,	'A',	'0000-00-00 00:00:00',	0,	'',	41,	5,	171,	159,	'2013-01-22 16:47:18',	'2013-01-30 16:47:18',	'2013-01-20 01:33:52',	2,	'',	''),
(30,	5,	'A',	'0000-00-00 00:00:00',	0,	'',	41,	5,	147,	184,	'2013-01-22 16:47:18',	'2013-01-30 16:47:18',	'2013-01-20 01:33:52',	2,	'',	''),
(31,	5,	'A',	'0000-00-00 00:00:00',	0,	'',	2,	6,	44,	136,	'2013-01-22 09:33:38',	'2013-01-26 09:33:38',	'2013-01-20 01:33:52',	2,	'',	''),
(32,	5,	'A',	'0000-00-00 00:00:00',	0,	'',	2,	6,	44,	159,	'2013-01-22 09:33:38',	'2013-01-26 09:33:38',	'2013-01-20 01:33:52',	2,	'',	''),
(33,	5,	'A',	'0000-00-00 00:00:00',	0,	'',	0,	6,	71,	112,	'0000-00-00 00:00:00',	'0000-00-00 00:00:00',	'0000-00-00 00:00:00',	0,	'',	''),
(34,	5,	'A',	'0000-00-00 00:00:00',	0,	'',	0,	6,	95,	136,	'0000-00-00 00:00:00',	'0000-00-00 00:00:00',	'0000-00-00 00:00:00',	0,	'',	''),
(35,	5,	'A',	'0000-00-00 00:00:00',	0,	'',	0,	6,	95,	159,	'0000-00-00 00:00:00',	'0000-00-00 00:00:00',	'0000-00-00 00:00:00',	0,	'',	''),
(36,	5,	'A',	'0000-00-00 00:00:00',	0,	'',	0,	6,	71,	184,	'0000-00-00 00:00:00',	'0000-00-00 00:00:00',	'0000-00-00 00:00:00',	0,	'',	''),
(37,	5,	'A',	'2013-01-24 16:08:02',	45,	'',	1,	7,	422,	50,	'2013-01-22 14:41:00',	'2013-01-26 14:41:00',	'2013-01-20 01:33:52',	1,	'9237625196950',	'OrqGG5jQ8VvuPpG8AcLsqPm9cYTUTOTIgkpXqJOyFj3vIKDjWo'),
(38,	5,	'A',	'2013-01-24 16:16:26',	45,	'',	1,	7,	422,	73,	'2013-01-22 14:41:00',	'2013-01-26 14:41:00',	'2013-01-20 01:33:52',	1,	'9253972645392',	'6pWVtPwf9ZDDJtsfXBysvmjGoMGKirsoQpkkeRznQd1AGtPE4o'),
(39,	5,	'A',	'2013-01-24 16:18:40',	45,	'',	1,	7,	450,	26,	'2013-01-22 14:41:00',	'2013-01-26 14:41:00',	'2013-01-20 01:33:52',	1,	'9268299145098',	'ZWW3QB34MuTYIBCX12x785B8dmUvqvcpr8tiKwmw1gvJR7GT9e'),
(40,	5,	'A',	'2013-01-24 16:25:30',	45,	'',	1,	7,	473,	50,	'2013-01-22 14:41:00',	'2013-01-26 14:41:00',	'2013-01-20 01:33:52',	1,	'9282686909711',	'GCY3jDrSA4qNFKK8syustPBKXpJlZdoGPnJ90b2AgsoVd84FHy'),
(41,	5,	'A',	'2013-01-24 16:29:03',	45,	'',	1,	7,	473,	73,	'2013-01-22 14:41:00',	'2013-01-26 14:41:00',	'2013-01-20 01:33:52',	1,	'9295291920392',	'L3DZKiXBp76BPksFFLQivr8XBz8NcjPYmtX7LUIa2OMR9exPZn'),
(43,	5,	'A',	'0000-00-00 00:00:00',	0,	'',	0,	8,	346,	50,	'0000-00-00 00:00:00',	'0000-00-00 00:00:00',	'0000-00-00 00:00:00',	0,	'',	''),
(44,	5,	'A',	'0000-00-00 00:00:00',	0,	'',	0,	8,	346,	73,	'0000-00-00 00:00:00',	'0000-00-00 00:00:00',	'0000-00-00 00:00:00',	0,	'',	''),
(45,	5,	'A',	'0000-00-00 00:00:00',	0,	'',	0,	8,	373,	26,	'0000-00-00 00:00:00',	'0000-00-00 00:00:00',	'0000-00-00 00:00:00',	0,	'',	''),
(46,	5,	'A',	'0000-00-00 00:00:00',	0,	'',	0,	8,	397,	50,	'0000-00-00 00:00:00',	'0000-00-00 00:00:00',	'0000-00-00 00:00:00',	0,	'',	''),
(47,	5,	'A',	'0000-00-00 00:00:00',	0,	'',	0,	8,	397,	73,	'0000-00-00 00:00:00',	'0000-00-00 00:00:00',	'0000-00-00 00:00:00',	0,	'',	''),
(42,	5,	'A',	'0000-00-00 00:00:00',	0,	'',	0,	9,	273,	50,	'0000-00-00 00:00:00',	'0000-00-00 00:00:00',	'0000-00-00 00:00:00',	0,	'',	''),
(48,	5,	'A',	'0000-00-00 00:00:00',	0,	'',	0,	9,	273,	73,	'0000-00-00 00:00:00',	'0000-00-00 00:00:00',	'0000-00-00 00:00:00',	0,	'',	''),
(49,	5,	'A',	'0000-00-00 00:00:00',	0,	'',	0,	9,	301,	26,	'0000-00-00 00:00:00',	'0000-00-00 00:00:00',	'0000-00-00 00:00:00',	0,	'',	''),
(50,	5,	'A',	'0000-00-00 00:00:00',	0,	'',	0,	9,	324,	50,	'0000-00-00 00:00:00',	'0000-00-00 00:00:00',	'0000-00-00 00:00:00',	0,	'',	''),
(51,	5,	'A',	'0000-00-00 00:00:00',	0,	'',	0,	9,	324,	73,	'0000-00-00 00:00:00',	'0000-00-00 00:00:00',	'0000-00-00 00:00:00',	0,	'',	''),
(52,	5,	'A',	'0000-00-00 00:00:00',	0,	'',	0,	10,	199,	50,	'0000-00-00 00:00:00',	'0000-00-00 00:00:00',	'0000-00-00 00:00:00',	0,	'',	''),
(53,	5,	'A',	'0000-00-00 00:00:00',	0,	'',	0,	10,	199,	73,	'0000-00-00 00:00:00',	'0000-00-00 00:00:00',	'0000-00-00 00:00:00',	0,	'',	''),
(54,	5,	'A',	'0000-00-00 00:00:00',	0,	'',	0,	10,	227,	26,	'0000-00-00 00:00:00',	'0000-00-00 00:00:00',	'0000-00-00 00:00:00',	0,	'',	''),
(55,	5,	'A',	'0000-00-00 00:00:00',	0,	'',	0,	10,	250,	50,	'0000-00-00 00:00:00',	'0000-00-00 00:00:00',	'0000-00-00 00:00:00',	0,	'',	''),
(56,	5,	'A',	'0000-00-00 00:00:00',	0,	'',	0,	10,	250,	73,	'0000-00-00 00:00:00',	'0000-00-00 00:00:00',	'0000-00-00 00:00:00',	0,	'',	''),
(57,	5,	'A',	'0000-00-00 00:00:00',	0,	'',	0,	11,	123,	50,	'0000-00-00 00:00:00',	'0000-00-00 00:00:00',	'0000-00-00 00:00:00',	0,	'',	''),
(58,	5,	'A',	'0000-00-00 00:00:00',	0,	'',	0,	11,	123,	73,	'0000-00-00 00:00:00',	'0000-00-00 00:00:00',	'0000-00-00 00:00:00',	0,	'',	''),
(59,	5,	'A',	'0000-00-00 00:00:00',	0,	'',	1,	11,	151,	26,	'2013-01-18 01:33:43',	'2013-01-22 23:00:00',	'2013-01-20 01:33:52',	1,	'',	''),
(60,	5,	'A',	'0000-00-00 00:00:00',	0,	'',	1,	11,	174,	50,	'2013-01-18 01:33:43',	'2013-01-22 23:00:00',	'2013-01-20 01:33:52',	1,	'',	''),
(61,	5,	'A',	'0000-00-00 00:00:00',	0,	'',	1,	11,	174,	73,	'2013-01-18 01:33:43',	'2013-01-22 23:00:00',	'2013-01-20 01:33:52',	1,	'',	''),
(62,	5,	'A',	'0000-00-00 00:00:00',	0,	'',	0,	12,	46,	50,	'0000-00-00 00:00:00',	'0000-00-00 00:00:00',	'0000-00-00 00:00:00',	0,	'',	''),
(63,	5,	'A',	'0000-00-00 00:00:00',	0,	'',	0,	12,	46,	73,	'0000-00-00 00:00:00',	'0000-00-00 00:00:00',	'0000-00-00 00:00:00',	0,	'',	''),
(64,	5,	'A',	'0000-00-00 00:00:00',	0,	'',	0,	12,	74,	26,	'0000-00-00 00:00:00',	'0000-00-00 00:00:00',	'0000-00-00 00:00:00',	0,	'',	''),
(65,	5,	'A',	'0000-00-00 00:00:00',	0,	'',	0,	12,	97,	50,	'0000-00-00 00:00:00',	'0000-00-00 00:00:00',	'0000-00-00 00:00:00',	0,	'',	''),
(66,	5,	'A',	'0000-00-00 00:00:00',	0,	'',	0,	12,	97,	73,	'0000-00-00 00:00:00',	'0000-00-00 00:00:00',	'0000-00-00 00:00:00',	0,	'',	''),
(98,	6,	'A',	'0000-00-00 00:00:00',	0,	'',	0,	25,	145,	85,	'0000-00-00 00:00:00',	'0000-00-00 00:00:00',	'0000-00-00 00:00:00',	0,	'',	''),
(97,	6,	'A',	'0000-00-00 00:00:00',	0,	'',	0,	25,	120,	85,	'0000-00-00 00:00:00',	'0000-00-00 00:00:00',	'0000-00-00 00:00:00',	0,	'',	''),
(104,	6,	'A',	'0000-00-00 00:00:00',	0,	'',	2,	26,	146,	60,	'2013-01-23 20:18:29',	'2013-01-31 20:18:29',	'2013-01-20 01:33:52',	2,	'',	''),
(103,	6,	'A',	'0000-00-00 00:00:00',	0,	'',	0,	26,	121,	60,	'0000-00-00 00:00:00',	'0000-00-00 00:00:00',	'0000-00-00 00:00:00',	0,	'',	''),
(102,	6,	'A',	'0000-00-00 00:00:00',	0,	'',	0,	26,	146,	14,	'0000-00-00 00:00:00',	'0000-00-00 00:00:00',	'0000-00-00 00:00:00',	0,	'',	''),
(101,	6,	'A',	'2013-01-24 16:29:03',	45,	'',	1,	26,	121,	14,	'2013-01-22 07:28:30',	'2013-01-26 07:28:30',	'2013-01-20 01:33:52',	1,	'9296451441344',	'7vPftqPBe2V30hwXpiS8sVXfN6tkVtI3ZxjsX83bbZfbgM9G42'),
(68,	6,	'A',	'0000-00-00 00:00:00',	0,	'',	0,	17,	251,	584,	'0000-00-00 00:00:00',	'0000-00-00 00:00:00',	'0000-00-00 00:00:00',	0,	'',	''),
(67,	6,	'A',	'0000-00-00 00:00:00',	0,	'',	0,	17,	251,	561,	'0000-00-00 00:00:00',	'0000-00-00 00:00:00',	'0000-00-00 00:00:00',	0,	'',	''),
(66,	6,	'A',	'0000-00-00 00:00:00',	0,	'',	0,	17,	200,	584,	'0000-00-00 00:00:00',	'0000-00-00 00:00:00',	'0000-00-00 00:00:00',	0,	'',	''),
(65,	6,	'A',	'0000-00-00 00:00:00',	0,	'',	0,	17,	200,	561,	'0000-00-00 00:00:00',	'0000-00-00 00:00:00',	'0000-00-00 00:00:00',	0,	'',	''),
(64,	6,	'A',	'0000-00-00 00:00:00',	0,	'',	0,	16,	241,	517,	'0000-00-00 00:00:00',	'0000-00-00 00:00:00',	'0000-00-00 00:00:00',	0,	'',	''),
(63,	6,	'A',	'0000-00-00 00:00:00',	0,	'',	0,	16,	216,	517,	'0000-00-00 00:00:00',	'0000-00-00 00:00:00',	'0000-00-00 00:00:00',	0,	'',	''),
(62,	6,	'A',	'0000-00-00 00:00:00',	0,	'',	0,	16,	241,	471,	'0000-00-00 00:00:00',	'0000-00-00 00:00:00',	'0000-00-00 00:00:00',	0,	'',	''),
(61,	6,	'A',	'0000-00-00 00:00:00',	0,	'',	0,	16,	216,	471,	'0000-00-00 00:00:00',	'0000-00-00 00:00:00',	'0000-00-00 00:00:00',	0,	'',	''),
(56,	6,	'A',	'0000-00-00 00:00:00',	0,	'',	0,	14,	295,	144,	'0000-00-00 00:00:00',	'0000-00-00 00:00:00',	'0000-00-00 00:00:00',	0,	'',	''),
(55,	6,	'A',	'0000-00-00 00:00:00',	0,	'',	0,	14,	270,	144,	'0000-00-00 00:00:00',	'0000-00-00 00:00:00',	'0000-00-00 00:00:00',	0,	'',	''),
(54,	6,	'A',	'0000-00-00 00:00:00',	0,	'',	0,	14,	295,	98,	'0000-00-00 00:00:00',	'0000-00-00 00:00:00',	'0000-00-00 00:00:00',	0,	'',	''),
(53,	6,	'A',	'0000-00-00 00:00:00',	0,	'',	0,	14,	270,	98,	'0000-00-00 00:00:00',	'0000-00-00 00:00:00',	'0000-00-00 00:00:00',	0,	'',	''),
(52,	6,	'A',	'0000-00-00 00:00:00',	0,	'',	0,	13,	295,	73,	'0000-00-00 00:00:00',	'0000-00-00 00:00:00',	'0000-00-00 00:00:00',	0,	'',	''),
(51,	6,	'A',	'0000-00-00 00:00:00',	0,	'',	0,	13,	270,	73,	'0000-00-00 00:00:00',	'0000-00-00 00:00:00',	'0000-00-00 00:00:00',	0,	'',	''),
(50,	6,	'A',	'0000-00-00 00:00:00',	0,	'',	0,	13,	295,	27,	'0000-00-00 00:00:00',	'0000-00-00 00:00:00',	'0000-00-00 00:00:00',	0,	'',	''),
(49,	6,	'A',	'0000-00-00 00:00:00',	0,	'',	0,	13,	270,	27,	'0000-00-00 00:00:00',	'0000-00-00 00:00:00',	'0000-00-00 00:00:00',	0,	'',	''),
(60,	6,	'A',	'0000-00-00 00:00:00',	0,	'',	0,	15,	260,	275,	'0000-00-00 00:00:00',	'0000-00-00 00:00:00',	'0000-00-00 00:00:00',	0,	'',	''),
(59,	6,	'A',	'0000-00-00 00:00:00',	0,	'',	0,	15,	235,	275,	'0000-00-00 00:00:00',	'0000-00-00 00:00:00',	'0000-00-00 00:00:00',	0,	'',	''),
(58,	6,	'A',	'0000-00-00 00:00:00',	0,	'',	0,	15,	260,	229,	'0000-00-00 00:00:00',	'0000-00-00 00:00:00',	'0000-00-00 00:00:00',	0,	'',	''),
(57,	6,	'A',	'0000-00-00 00:00:00',	0,	'',	0,	15,	235,	229,	'0000-00-00 00:00:00',	'0000-00-00 00:00:00',	'0000-00-00 00:00:00',	0,	'',	''),
(48,	6,	'A',	'0000-00-00 00:00:00',	0,	'',	0,	12,	348,	499,	'0000-00-00 00:00:00',	'0000-00-00 00:00:00',	'0000-00-00 00:00:00',	0,	'',	''),
(47,	6,	'A',	'0000-00-00 00:00:00',	0,	'',	0,	12,	348,	476,	'0000-00-00 00:00:00',	'0000-00-00 00:00:00',	'0000-00-00 00:00:00',	0,	'',	''),
(46,	6,	'A',	'0000-00-00 00:00:00',	0,	'',	0,	12,	297,	499,	'0000-00-00 00:00:00',	'0000-00-00 00:00:00',	'0000-00-00 00:00:00',	0,	'',	''),
(45,	6,	'A',	'0000-00-00 00:00:00',	0,	'',	0,	12,	297,	476,	'0000-00-00 00:00:00',	'0000-00-00 00:00:00',	'0000-00-00 00:00:00',	0,	'',	''),
(44,	6,	'A',	'0000-00-00 00:00:00',	0,	'',	0,	11,	349,	584,	'0000-00-00 00:00:00',	'0000-00-00 00:00:00',	'0000-00-00 00:00:00',	0,	'',	''),
(43,	6,	'A',	'0000-00-00 00:00:00',	0,	'',	0,	11,	349,	561,	'0000-00-00 00:00:00',	'0000-00-00 00:00:00',	'0000-00-00 00:00:00',	0,	'',	''),
(42,	6,	'A',	'0000-00-00 00:00:00',	0,	'',	0,	11,	298,	584,	'0000-00-00 00:00:00',	'0000-00-00 00:00:00',	'0000-00-00 00:00:00',	0,	'',	''),
(41,	6,	'A',	'0000-00-00 00:00:00',	0,	'',	0,	11,	298,	561,	'0000-00-00 00:00:00',	'0000-00-00 00:00:00',	'0000-00-00 00:00:00',	0,	'',	''),
(40,	6,	'A',	'0000-00-00 00:00:00',	0,	'',	0,	10,	448,	627,	'0000-00-00 00:00:00',	'0000-00-00 00:00:00',	'0000-00-00 00:00:00',	0,	'',	''),
(39,	6,	'A',	'0000-00-00 00:00:00',	0,	'',	0,	10,	448,	604,	'0000-00-00 00:00:00',	'0000-00-00 00:00:00',	'0000-00-00 00:00:00',	0,	'',	''),
(38,	6,	'A',	'0000-00-00 00:00:00',	0,	'',	0,	10,	397,	627,	'0000-00-00 00:00:00',	'0000-00-00 00:00:00',	'0000-00-00 00:00:00',	0,	'',	''),
(37,	6,	'A',	'0000-00-00 00:00:00',	0,	'',	0,	10,	397,	604,	'0000-00-00 00:00:00',	'0000-00-00 00:00:00',	'0000-00-00 00:00:00',	0,	'',	''),
(36,	6,	'A',	'0000-00-00 00:00:00',	0,	'',	0,	9,	448,	541,	'0000-00-00 00:00:00',	'0000-00-00 00:00:00',	'0000-00-00 00:00:00',	0,	'',	''),
(35,	6,	'A',	'0000-00-00 00:00:00',	0,	'',	0,	9,	448,	518,	'0000-00-00 00:00:00',	'0000-00-00 00:00:00',	'0000-00-00 00:00:00',	0,	'',	''),
(34,	6,	'A',	'0000-00-00 00:00:00',	0,	'',	0,	9,	397,	541,	'0000-00-00 00:00:00',	'0000-00-00 00:00:00',	'0000-00-00 00:00:00',	0,	'',	''),
(33,	6,	'A',	'0000-00-00 00:00:00',	0,	'',	0,	9,	397,	518,	'0000-00-00 00:00:00',	'0000-00-00 00:00:00',	'0000-00-00 00:00:00',	0,	'',	''),
(32,	6,	'A',	'2013-01-24 18:57:22',	2,	'',	50,	8,	437,	175,	'2013-01-24 18:57:14',	'2013-02-01 18:57:14',	'2013-01-20 01:33:52',	2,	'',	''),
(31,	6,	'A',	'2013-01-24 18:57:22',	2,	'',	50,	8,	437,	152,	'2013-01-24 18:57:14',	'2013-02-01 18:57:14',	'2013-01-20 01:33:52',	2,	'',	''),
(30,	6,	'A',	'2013-01-24 18:57:22',	2,	'',	50,	8,	386,	175,	'2013-01-24 18:57:14',	'2013-02-01 18:57:14',	'2013-01-20 01:33:52',	2,	'',	''),
(29,	6,	'A',	'2013-01-24 18:57:22',	2,	'',	50,	8,	386,	152,	'2013-01-24 18:57:14',	'2013-02-01 18:57:14',	'2013-01-20 01:33:52',	2,	'',	''),
(28,	6,	'A',	'0000-00-00 00:00:00',	0,	'',	0,	7,	438,	112,	'0000-00-00 00:00:00',	'0000-00-00 00:00:00',	'0000-00-00 00:00:00',	0,	'',	''),
(27,	6,	'A',	'0000-00-00 00:00:00',	0,	'',	0,	7,	438,	89,	'0000-00-00 00:00:00',	'0000-00-00 00:00:00',	'0000-00-00 00:00:00',	0,	'',	''),
(26,	6,	'A',	'0000-00-00 00:00:00',	0,	'',	0,	7,	387,	112,	'0000-00-00 00:00:00',	'0000-00-00 00:00:00',	'0000-00-00 00:00:00',	0,	'',	''),
(25,	6,	'A',	'0000-00-00 00:00:00',	0,	'',	0,	7,	387,	89,	'0000-00-00 00:00:00',	'0000-00-00 00:00:00',	'0000-00-00 00:00:00',	0,	'',	''),
(24,	6,	'A',	'0000-00-00 00:00:00',	0,	'',	0,	6,	437,	48,	'0000-00-00 00:00:00',	'0000-00-00 00:00:00',	'0000-00-00 00:00:00',	0,	'',	''),
(23,	6,	'A',	'0000-00-00 00:00:00',	0,	'',	0,	6,	437,	25,	'0000-00-00 00:00:00',	'0000-00-00 00:00:00',	'0000-00-00 00:00:00',	0,	'',	''),
(22,	6,	'A',	'0000-00-00 00:00:00',	0,	'',	0,	6,	386,	48,	'0000-00-00 00:00:00',	'0000-00-00 00:00:00',	'0000-00-00 00:00:00',	0,	'',	''),
(21,	6,	'A',	'0000-00-00 00:00:00',	0,	'',	0,	6,	386,	25,	'0000-00-00 00:00:00',	'0000-00-00 00:00:00',	'0000-00-00 00:00:00',	0,	'',	''),
(20,	6,	'A',	'0000-00-00 00:00:00',	0,	'',	0,	5,	532,	47,	'0000-00-00 00:00:00',	'0000-00-00 00:00:00',	'0000-00-00 00:00:00',	0,	'',	''),
(19,	6,	'A',	'0000-00-00 00:00:00',	0,	'',	0,	5,	532,	24,	'0000-00-00 00:00:00',	'0000-00-00 00:00:00',	'0000-00-00 00:00:00',	0,	'',	''),
(18,	6,	'A',	'0000-00-00 00:00:00',	0,	'',	0,	5,	481,	47,	'0000-00-00 00:00:00',	'0000-00-00 00:00:00',	'0000-00-00 00:00:00',	0,	'',	''),
(17,	6,	'A',	'0000-00-00 00:00:00',	0,	'',	0,	5,	481,	24,	'0000-00-00 00:00:00',	'0000-00-00 00:00:00',	'0000-00-00 00:00:00',	0,	'',	''),
(16,	6,	'A',	'2013-01-24 18:57:22',	2,	'',	50,	4,	531,	112,	'2013-01-24 18:57:14',	'2013-02-01 18:57:14',	'2013-01-20 01:33:52',	2,	'',	''),
(15,	6,	'A',	'2013-01-24 18:57:22',	2,	'',	50,	4,	531,	89,	'2013-01-24 18:57:14',	'2013-02-01 18:57:14',	'2013-01-20 01:33:52',	2,	'',	''),
(14,	6,	'A',	'0000-00-00 00:00:00',	0,	'',	0,	4,	480,	112,	'0000-00-00 00:00:00',	'0000-00-00 00:00:00',	'0000-00-00 00:00:00',	0,	'',	''),
(13,	6,	'A',	'0000-00-00 00:00:00',	0,	'',	0,	4,	480,	89,	'0000-00-00 00:00:00',	'0000-00-00 00:00:00',	'0000-00-00 00:00:00',	0,	'',	''),
(12,	6,	'A',	'2013-01-24 18:57:22',	2,	'',	50,	3,	531,	175,	'2013-01-24 18:57:14',	'2013-02-01 18:57:14',	'2013-01-20 01:33:52',	2,	'',	''),
(11,	6,	'A',	'2013-01-24 18:57:22',	2,	'',	50,	3,	531,	152,	'2013-01-24 18:57:14',	'2013-02-01 18:57:14',	'2013-01-20 01:33:52',	2,	'',	''),
(10,	6,	'A',	'2013-01-24 18:57:22',	2,	'',	50,	3,	480,	175,	'2013-01-24 18:57:14',	'2013-02-01 18:57:14',	'2013-01-20 01:33:52',	2,	'',	''),
(9,	6,	'A',	'2013-01-24 18:57:22',	2,	'',	50,	3,	480,	152,	'2013-01-24 18:57:14',	'2013-02-01 18:57:14',	'2013-01-20 01:33:52',	2,	'',	''),
(8,	6,	'A',	'0000-00-00 00:00:00',	0,	'',	0,	2,	541,	542,	'0000-00-00 00:00:00',	'0000-00-00 00:00:00',	'0000-00-00 00:00:00',	0,	'',	''),
(7,	6,	'A',	'0000-00-00 00:00:00',	0,	'',	0,	2,	541,	519,	'0000-00-00 00:00:00',	'0000-00-00 00:00:00',	'0000-00-00 00:00:00',	0,	'',	''),
(6,	6,	'A',	'0000-00-00 00:00:00',	0,	'',	0,	2,	490,	542,	'0000-00-00 00:00:00',	'0000-00-00 00:00:00',	'0000-00-00 00:00:00',	0,	'',	''),
(5,	6,	'A',	'0000-00-00 00:00:00',	0,	'',	0,	2,	490,	519,	'0000-00-00 00:00:00',	'0000-00-00 00:00:00',	'0000-00-00 00:00:00',	0,	'',	''),
(4,	6,	'A',	'0000-00-00 00:00:00',	0,	'',	0,	1,	540,	627,	'0000-00-00 00:00:00',	'0000-00-00 00:00:00',	'0000-00-00 00:00:00',	0,	'',	''),
(3,	6,	'A',	'0000-00-00 00:00:00',	0,	'',	0,	1,	540,	604,	'0000-00-00 00:00:00',	'0000-00-00 00:00:00',	'0000-00-00 00:00:00',	0,	'',	''),
(2,	6,	'A',	'0000-00-00 00:00:00',	0,	'',	0,	1,	489,	627,	'0000-00-00 00:00:00',	'0000-00-00 00:00:00',	'0000-00-00 00:00:00',	0,	'',	''),
(1,	6,	'A',	'0000-00-00 00:00:00',	0,	'',	0,	1,	489,	604,	'0000-00-00 00:00:00',	'0000-00-00 00:00:00',	'0000-00-00 00:00:00',	0,	'',	''),
(140,	7,	'A',	'0000-00-00 00:00:00',	0,	'',	0,	14,	468,	113,	'0000-00-00 00:00:00',	'0000-00-00 00:00:00',	'0000-00-00 00:00:00',	0,	'',	''),
(139,	7,	'A',	'0000-00-00 00:00:00',	0,	'',	0,	14,	452,	134,	'0000-00-00 00:00:00',	'0000-00-00 00:00:00',	'0000-00-00 00:00:00',	0,	'',	''),
(138,	7,	'A',	'0000-00-00 00:00:00',	0,	'',	0,	14,	451,	160,	'0000-00-00 00:00:00',	'0000-00-00 00:00:00',	'0000-00-00 00:00:00',	0,	'',	''),
(137,	7,	'A',	'0000-00-00 00:00:00',	0,	'',	0,	14,	465,	181,	'0000-00-00 00:00:00',	'0000-00-00 00:00:00',	'0000-00-00 00:00:00',	0,	'',	''),
(136,	7,	'A',	'0000-00-00 00:00:00',	0,	'',	0,	14,	490,	190,	'0000-00-00 00:00:00',	'0000-00-00 00:00:00',	'0000-00-00 00:00:00',	0,	'',	''),
(135,	7,	'A',	'0000-00-00 00:00:00',	0,	'',	0,	14,	514,	183,	'0000-00-00 00:00:00',	'0000-00-00 00:00:00',	'0000-00-00 00:00:00',	0,	'',	''),
(134,	7,	'A',	'0000-00-00 00:00:00',	0,	'',	0,	14,	530,	162,	'0000-00-00 00:00:00',	'0000-00-00 00:00:00',	'0000-00-00 00:00:00',	0,	'',	''),
(133,	7,	'A',	'0000-00-00 00:00:00',	0,	'',	0,	14,	531,	136,	'0000-00-00 00:00:00',	'0000-00-00 00:00:00',	'0000-00-00 00:00:00',	0,	'',	''),
(132,	7,	'A',	'0000-00-00 00:00:00',	0,	'',	0,	14,	517,	115,	'0000-00-00 00:00:00',	'0000-00-00 00:00:00',	'0000-00-00 00:00:00',	0,	'',	''),
(131,	7,	'A',	'0000-00-00 00:00:00',	0,	'',	0,	14,	492,	106,	'0000-00-00 00:00:00',	'0000-00-00 00:00:00',	'0000-00-00 00:00:00',	0,	'',	''),
(50,	7,	'A',	'0000-00-00 00:00:00',	0,	'',	0,	5,	76,	526,	'0000-00-00 00:00:00',	'0000-00-00 00:00:00',	'0000-00-00 00:00:00',	0,	'',	''),
(49,	7,	'A',	'0000-00-00 00:00:00',	0,	'',	0,	5,	60,	547,	'0000-00-00 00:00:00',	'0000-00-00 00:00:00',	'0000-00-00 00:00:00',	0,	'',	''),
(48,	7,	'A',	'0000-00-00 00:00:00',	0,	'',	0,	5,	59,	573,	'0000-00-00 00:00:00',	'0000-00-00 00:00:00',	'0000-00-00 00:00:00',	0,	'',	''),
(47,	7,	'A',	'0000-00-00 00:00:00',	0,	'',	0,	5,	73,	594,	'0000-00-00 00:00:00',	'0000-00-00 00:00:00',	'0000-00-00 00:00:00',	0,	'',	''),
(46,	7,	'A',	'0000-00-00 00:00:00',	0,	'',	0,	5,	98,	603,	'0000-00-00 00:00:00',	'0000-00-00 00:00:00',	'0000-00-00 00:00:00',	0,	'',	''),
(45,	7,	'A',	'0000-00-00 00:00:00',	0,	'',	0,	5,	122,	596,	'0000-00-00 00:00:00',	'0000-00-00 00:00:00',	'0000-00-00 00:00:00',	0,	'',	''),
(44,	7,	'A',	'0000-00-00 00:00:00',	0,	'',	0,	5,	138,	575,	'0000-00-00 00:00:00',	'0000-00-00 00:00:00',	'0000-00-00 00:00:00',	0,	'',	''),
(43,	7,	'A',	'0000-00-00 00:00:00',	0,	'',	0,	5,	139,	549,	'0000-00-00 00:00:00',	'0000-00-00 00:00:00',	'0000-00-00 00:00:00',	0,	'',	''),
(42,	7,	'A',	'0000-00-00 00:00:00',	0,	'',	0,	5,	125,	528,	'0000-00-00 00:00:00',	'0000-00-00 00:00:00',	'0000-00-00 00:00:00',	0,	'',	''),
(41,	7,	'A',	'0000-00-00 00:00:00',	0,	'',	0,	5,	100,	519,	'0000-00-00 00:00:00',	'0000-00-00 00:00:00',	'0000-00-00 00:00:00',	0,	'',	''),
(90,	7,	'A',	'0000-00-00 00:00:00',	0,	'',	0,	9,	468,	226,	'0000-00-00 00:00:00',	'0000-00-00 00:00:00',	'0000-00-00 00:00:00',	0,	'',	''),
(89,	7,	'A',	'0000-00-00 00:00:00',	0,	'',	0,	9,	452,	247,	'0000-00-00 00:00:00',	'0000-00-00 00:00:00',	'0000-00-00 00:00:00',	0,	'',	''),
(88,	7,	'A',	'0000-00-00 00:00:00',	0,	'',	0,	9,	451,	273,	'0000-00-00 00:00:00',	'0000-00-00 00:00:00',	'0000-00-00 00:00:00',	0,	'',	''),
(87,	7,	'A',	'0000-00-00 00:00:00',	0,	'',	0,	9,	465,	294,	'0000-00-00 00:00:00',	'0000-00-00 00:00:00',	'0000-00-00 00:00:00',	0,	'',	''),
(86,	7,	'A',	'0000-00-00 00:00:00',	0,	'',	0,	9,	490,	303,	'0000-00-00 00:00:00',	'0000-00-00 00:00:00',	'0000-00-00 00:00:00',	0,	'',	''),
(85,	7,	'A',	'0000-00-00 00:00:00',	0,	'',	0,	9,	514,	296,	'0000-00-00 00:00:00',	'0000-00-00 00:00:00',	'0000-00-00 00:00:00',	0,	'',	''),
(84,	7,	'A',	'0000-00-00 00:00:00',	0,	'',	0,	9,	530,	275,	'0000-00-00 00:00:00',	'0000-00-00 00:00:00',	'0000-00-00 00:00:00',	0,	'',	''),
(83,	7,	'A',	'0000-00-00 00:00:00',	0,	'',	0,	9,	531,	249,	'0000-00-00 00:00:00',	'0000-00-00 00:00:00',	'0000-00-00 00:00:00',	0,	'',	''),
(82,	7,	'A',	'0000-00-00 00:00:00',	0,	'',	0,	9,	517,	228,	'0000-00-00 00:00:00',	'0000-00-00 00:00:00',	'0000-00-00 00:00:00',	0,	'',	''),
(81,	7,	'A',	'0000-00-00 00:00:00',	0,	'',	0,	9,	492,	219,	'0000-00-00 00:00:00',	'0000-00-00 00:00:00',	'0000-00-00 00:00:00',	0,	'',	''),
(80,	7,	'A',	'0000-00-00 00:00:00',	0,	'',	0,	8,	468,	339,	'0000-00-00 00:00:00',	'0000-00-00 00:00:00',	'0000-00-00 00:00:00',	0,	'',	''),
(79,	7,	'A',	'0000-00-00 00:00:00',	0,	'',	0,	8,	452,	360,	'0000-00-00 00:00:00',	'0000-00-00 00:00:00',	'0000-00-00 00:00:00',	0,	'',	''),
(78,	7,	'A',	'0000-00-00 00:00:00',	0,	'',	0,	8,	451,	386,	'0000-00-00 00:00:00',	'0000-00-00 00:00:00',	'0000-00-00 00:00:00',	0,	'',	''),
(77,	7,	'A',	'0000-00-00 00:00:00',	0,	'',	0,	8,	465,	407,	'0000-00-00 00:00:00',	'0000-00-00 00:00:00',	'0000-00-00 00:00:00',	0,	'',	''),
(76,	7,	'A',	'0000-00-00 00:00:00',	0,	'',	0,	8,	490,	416,	'0000-00-00 00:00:00',	'0000-00-00 00:00:00',	'0000-00-00 00:00:00',	0,	'',	''),
(75,	7,	'A',	'0000-00-00 00:00:00',	0,	'',	0,	8,	514,	409,	'0000-00-00 00:00:00',	'0000-00-00 00:00:00',	'0000-00-00 00:00:00',	0,	'',	''),
(74,	7,	'A',	'0000-00-00 00:00:00',	0,	'',	0,	8,	530,	388,	'0000-00-00 00:00:00',	'0000-00-00 00:00:00',	'0000-00-00 00:00:00',	0,	'',	''),
(73,	7,	'A',	'0000-00-00 00:00:00',	0,	'',	0,	8,	531,	362,	'0000-00-00 00:00:00',	'0000-00-00 00:00:00',	'0000-00-00 00:00:00',	0,	'',	''),
(72,	7,	'A',	'0000-00-00 00:00:00',	0,	'',	0,	8,	517,	341,	'0000-00-00 00:00:00',	'0000-00-00 00:00:00',	'0000-00-00 00:00:00',	0,	'',	''),
(71,	7,	'A',	'0000-00-00 00:00:00',	0,	'',	0,	8,	492,	332,	'0000-00-00 00:00:00',	'0000-00-00 00:00:00',	'0000-00-00 00:00:00',	0,	'',	''),
(120,	7,	'A',	'2013-01-24 16:38:58',	45,	'',	1,	12,	218,	113,	'2013-01-24 16:34:42',	'2013-02-01 16:34:42',	'2013-01-20 01:33:52',	1,	'9310574879713',	'VGfrPhuOgMi0XECmBA17hnXuyKYijKefrtHhKb51Yn1V2EiEej'),
(119,	7,	'A',	'2013-01-24 16:38:58',	45,	'',	1,	12,	202,	134,	'2013-01-24 16:34:42',	'2013-02-01 16:34:42',	'2013-01-20 01:33:52',	1,	'9309700928494',	'TRSeBmexJIkvPWgzMjbmUjv823YZhuJalBpXYEvHmQdbMtKzMV'),
(118,	7,	'A',	'2013-01-17 20:52:31',	2,	'',	1,	12,	201,	160,	'2013-01-17 20:16:26',	'2013-01-21 23:00:00',	'2013-01-20 01:33:52',	1,	'',	''),
(117,	7,	'A',	'0000-00-00 00:00:00',	0,	'',	0,	12,	215,	181,	'0000-00-00 00:00:00',	'0000-00-00 00:00:00',	'0000-00-00 00:00:00',	0,	'',	''),
(116,	7,	'A',	'2013-01-18 00:52:01',	2,	'',	2,	12,	240,	190,	'2013-01-18 00:51:48',	'2013-01-22 23:00:00',	'2013-01-20 01:33:52',	2,	'',	''),
(115,	7,	'A',	'2013-01-17 20:52:31',	2,	'',	1,	12,	264,	183,	'2013-01-17 19:13:35',	'2013-01-21 23:00:00',	'2013-01-20 01:33:52',	1,	'',	''),
(114,	7,	'A',	'2013-01-18 00:52:01',	2,	'',	2,	12,	280,	162,	'2013-01-18 00:51:48',	'2013-01-22 23:00:00',	'2013-01-20 01:33:52',	2,	'',	''),
(113,	7,	'A',	'2013-01-18 00:52:01',	2,	'',	2,	12,	281,	136,	'2013-01-18 00:51:48',	'2013-01-22 23:00:00',	'2013-01-20 01:33:52',	2,	'',	''),
(112,	7,	'A',	'2013-01-17 20:52:31',	2,	'',	1,	12,	267,	115,	'2013-01-17 19:13:35',	'2013-01-21 23:00:00',	'2013-01-20 01:33:52',	1,	'',	''),
(111,	7,	'A',	'2013-01-24 16:38:58',	45,	'',	1,	12,	242,	106,	'2013-01-24 16:34:42',	'2013-02-01 16:34:42',	'2013-01-20 01:33:52',	1,	'9308302414794',	'DOYDdiRKxwyEApBeFFMFm8lJuZWntNM6BKKP3BAA88eIyPXdvK'),
(110,	7,	'A',	'0000-00-00 00:00:00',	0,	'',	0,	11,	218,	226,	'0000-00-00 00:00:00',	'0000-00-00 00:00:00',	'0000-00-00 00:00:00',	0,	'',	''),
(109,	7,	'A',	'0000-00-00 00:00:00',	0,	'',	0,	11,	202,	247,	'0000-00-00 00:00:00',	'0000-00-00 00:00:00',	'0000-00-00 00:00:00',	0,	'',	''),
(108,	7,	'A',	'0000-00-00 00:00:00',	0,	'',	0,	11,	201,	273,	'0000-00-00 00:00:00',	'0000-00-00 00:00:00',	'0000-00-00 00:00:00',	0,	'',	''),
(107,	7,	'A',	'0000-00-00 00:00:00',	0,	'',	0,	11,	215,	294,	'0000-00-00 00:00:00',	'0000-00-00 00:00:00',	'0000-00-00 00:00:00',	0,	'',	''),
(106,	7,	'A',	'0000-00-00 00:00:00',	0,	'',	0,	11,	240,	303,	'0000-00-00 00:00:00',	'0000-00-00 00:00:00',	'0000-00-00 00:00:00',	0,	'',	''),
(105,	7,	'A',	'0000-00-00 00:00:00',	0,	'',	0,	11,	264,	296,	'0000-00-00 00:00:00',	'0000-00-00 00:00:00',	'0000-00-00 00:00:00',	0,	'',	''),
(104,	7,	'A',	'0000-00-00 00:00:00',	0,	'',	0,	11,	280,	275,	'0000-00-00 00:00:00',	'0000-00-00 00:00:00',	'0000-00-00 00:00:00',	0,	'',	''),
(103,	7,	'A',	'2013-01-24 16:29:03',	45,	'',	1,	11,	281,	249,	'2013-01-22 07:40:30',	'2013-01-26 07:40:30',	'2013-01-20 01:33:52',	1,	'9298726461941',	'3DhhnYMTOYtHYByJuamERNxm5adyYll1ZDinB5gq4K72mGLQQ7'),
(102,	7,	'A',	'2013-01-24 16:29:03',	45,	'',	1,	11,	267,	228,	'2013-01-22 07:40:30',	'2013-01-26 07:40:30',	'2013-01-20 01:33:52',	1,	'9297092742586',	'OxYLMLRg5NJNRJkabijfuueKGvwQbASZ7QLTBD9HqTviCQtN8M'),
(101,	7,	'A',	'0000-00-00 00:00:00',	0,	'',	0,	11,	242,	219,	'0000-00-00 00:00:00',	'0000-00-00 00:00:00',	'0000-00-00 00:00:00',	0,	'',	''),
(60,	7,	'A',	'0000-00-00 00:00:00',	0,	'',	0,	6,	218,	339,	'0000-00-00 00:00:00',	'0000-00-00 00:00:00',	'0000-00-00 00:00:00',	0,	'',	''),
(59,	7,	'A',	'0000-00-00 00:00:00',	0,	'',	0,	6,	202,	360,	'0000-00-00 00:00:00',	'0000-00-00 00:00:00',	'0000-00-00 00:00:00',	0,	'',	''),
(58,	7,	'A',	'0000-00-00 00:00:00',	0,	'',	0,	6,	201,	386,	'0000-00-00 00:00:00',	'0000-00-00 00:00:00',	'0000-00-00 00:00:00',	0,	'',	''),
(57,	7,	'A',	'0000-00-00 00:00:00',	0,	'',	0,	6,	215,	407,	'0000-00-00 00:00:00',	'0000-00-00 00:00:00',	'0000-00-00 00:00:00',	0,	'',	''),
(56,	7,	'A',	'0000-00-00 00:00:00',	0,	'',	0,	6,	240,	416,	'0000-00-00 00:00:00',	'0000-00-00 00:00:00',	'0000-00-00 00:00:00',	0,	'',	''),
(55,	7,	'A',	'0000-00-00 00:00:00',	0,	'',	0,	6,	264,	409,	'0000-00-00 00:00:00',	'0000-00-00 00:00:00',	'0000-00-00 00:00:00',	0,	'',	''),
(54,	7,	'A',	'0000-00-00 00:00:00',	0,	'',	0,	6,	280,	388,	'0000-00-00 00:00:00',	'0000-00-00 00:00:00',	'0000-00-00 00:00:00',	0,	'',	''),
(53,	7,	'A',	'0000-00-00 00:00:00',	0,	'',	0,	6,	281,	362,	'0000-00-00 00:00:00',	'0000-00-00 00:00:00',	'0000-00-00 00:00:00',	0,	'',	''),
(52,	7,	'A',	'0000-00-00 00:00:00',	0,	'',	0,	6,	267,	341,	'0000-00-00 00:00:00',	'0000-00-00 00:00:00',	'0000-00-00 00:00:00',	0,	'',	''),
(51,	7,	'A',	'0000-00-00 00:00:00',	0,	'',	0,	6,	242,	332,	'0000-00-00 00:00:00',	'0000-00-00 00:00:00',	'0000-00-00 00:00:00',	0,	'',	''),
(150,	7,	'A',	'2013-01-17 20:52:11',	2,	'',	19,	15,	342,	31,	'2013-01-17 20:52:02',	'2013-01-21 23:00:00',	'2013-01-20 01:33:52',	2,	'',	''),
(149,	7,	'A',	'2013-01-17 20:52:11',	2,	'',	19,	15,	326,	52,	'2013-01-17 20:52:02',	'2013-01-21 23:00:00',	'2013-01-20 01:33:52',	2,	'',	''),
(148,	7,	'A',	'2013-01-17 20:52:11',	2,	'',	19,	15,	325,	78,	'2013-01-17 20:52:02',	'2013-01-21 23:00:00',	'2013-01-20 01:33:52',	2,	'',	''),
(147,	7,	'A',	'0000-00-00 00:00:00',	0,	'',	0,	15,	339,	99,	'0000-00-00 00:00:00',	'0000-00-00 00:00:00',	'0000-00-00 00:00:00',	0,	'',	''),
(146,	7,	'A',	'0000-00-00 00:00:00',	0,	'',	0,	15,	364,	108,	'0000-00-00 00:00:00',	'0000-00-00 00:00:00',	'0000-00-00 00:00:00',	0,	'',	''),
(145,	7,	'A',	'0000-00-00 00:00:00',	0,	'',	0,	15,	388,	101,	'0000-00-00 00:00:00',	'0000-00-00 00:00:00',	'0000-00-00 00:00:00',	0,	'',	''),
(144,	7,	'A',	'0000-00-00 00:00:00',	0,	'',	0,	15,	404,	80,	'0000-00-00 00:00:00',	'0000-00-00 00:00:00',	'0000-00-00 00:00:00',	0,	'',	''),
(143,	7,	'A',	'0000-00-00 00:00:00',	0,	'',	0,	15,	405,	54,	'0000-00-00 00:00:00',	'0000-00-00 00:00:00',	'0000-00-00 00:00:00',	0,	'',	''),
(142,	7,	'A',	'0000-00-00 00:00:00',	0,	'',	0,	15,	391,	33,	'0000-00-00 00:00:00',	'0000-00-00 00:00:00',	'0000-00-00 00:00:00',	0,	'',	''),
(141,	7,	'A',	'2013-01-17 20:52:11',	2,	'',	19,	15,	366,	24,	'2013-01-17 20:52:02',	'2013-01-21 23:00:00',	'2013-01-20 01:33:52',	2,	'',	''),
(130,	7,	'A',	'0000-00-00 00:00:00',	0,	'',	1,	13,	342,	144,	'2013-01-18 02:13:09',	'2013-01-22 02:13:09',	'2013-01-20 01:33:52',	1,	'',	''),
(129,	7,	'A',	'2013-01-17 20:52:31',	2,	'',	1,	13,	326,	165,	'2013-01-17 19:49:34',	'2013-01-21 23:00:00',	'2013-01-20 01:33:52',	1,	'',	''),
(128,	7,	'A',	'2013-01-17 20:52:31',	2,	'',	1,	13,	325,	191,	'2013-01-17 19:49:34',	'2013-01-21 23:00:00',	'2013-01-20 01:33:52',	1,	'',	''),
(127,	7,	'A',	'2013-01-24 16:43:16',	45,	'',	1,	13,	339,	212,	'2013-01-24 16:42:34',	'2013-02-01 16:42:34',	'2013-01-20 01:33:52',	1,	'9318911721954',	'sT75uU8qKiwIhjBvQGfqSaSuiglgm3BOXJUrD3Somp6DIH9ynp'),
(126,	7,	'A',	'2013-01-24 16:43:16',	45,	'',	1,	13,	364,	221,	'2013-01-24 16:42:34',	'2013-02-01 16:42:34',	'2013-01-20 01:33:52',	1,	'9317640080387',	'OGVeKcv36bRpdWfQIQmmbMDAN3WP95XYMTdx5JAbUrB8nRY6Ik'),
(125,	7,	'A',	'2013-01-24 16:43:16',	45,	'',	1,	13,	388,	214,	'2013-01-24 16:42:34',	'2013-02-01 16:42:34',	'2013-01-20 01:33:52',	1,	'9316963886744',	'mhwAGLTRKTD3B9WZFN7IxMq4ggiUFNj25PCMAwDlpho1ql1698'),
(124,	7,	'A',	'2013-01-24 16:43:16',	45,	'',	1,	13,	404,	193,	'2013-01-24 16:42:34',	'2013-02-01 16:42:34',	'2013-01-20 01:33:52',	1,	'9315727475507',	'IKzFZXIwSyENO9H9xgLYM7dpeiaYZLjIwTowQ72JFHxtQeDouo'),
(123,	7,	'A',	'0000-00-00 00:00:00',	0,	'',	1,	13,	405,	167,	'2013-01-22 06:16:16',	'2013-01-26 06:16:16',	'2013-01-20 01:33:52',	1,	'',	''),
(122,	7,	'A',	'0000-00-00 00:00:00',	0,	'',	1,	13,	391,	146,	'2013-01-18 01:37:05',	'2013-01-22 01:37:05',	'2013-01-20 01:33:52',	1,	'',	''),
(121,	7,	'A',	'0000-00-00 00:00:00',	0,	'',	1,	13,	366,	137,	'2013-01-18 01:37:05',	'2013-01-22 01:37:05',	'2013-01-20 01:33:52',	1,	'',	''),
(100,	7,	'A',	'0000-00-00 00:00:00',	0,	'',	0,	10,	342,	257,	'0000-00-00 00:00:00',	'0000-00-00 00:00:00',	'0000-00-00 00:00:00',	0,	'',	''),
(99,	7,	'A',	'0000-00-00 00:00:00',	0,	'',	0,	10,	326,	278,	'0000-00-00 00:00:00',	'0000-00-00 00:00:00',	'0000-00-00 00:00:00',	0,	'',	''),
(98,	7,	'A',	'0000-00-00 00:00:00',	0,	'',	0,	10,	325,	304,	'0000-00-00 00:00:00',	'0000-00-00 00:00:00',	'0000-00-00 00:00:00',	0,	'',	''),
(97,	7,	'A',	'0000-00-00 00:00:00',	0,	'',	49,	10,	339,	325,	'2013-01-24 18:48:13',	'2013-02-01 18:48:13',	'2013-01-20 01:33:52',	2,	'',	''),
(96,	7,	'A',	'0000-00-00 00:00:00',	0,	'',	49,	10,	364,	334,	'2013-01-24 18:48:13',	'2013-02-01 18:48:13',	'2013-01-20 01:33:52',	2,	'',	''),
(95,	7,	'A',	'0000-00-00 00:00:00',	0,	'',	49,	10,	388,	327,	'2013-01-24 18:48:13',	'2013-02-01 18:48:13',	'2013-01-20 01:33:52',	2,	'',	''),
(94,	7,	'A',	'0000-00-00 00:00:00',	0,	'',	49,	10,	404,	306,	'2013-01-24 18:48:13',	'2013-02-01 18:48:13',	'2013-01-20 01:33:52',	2,	'',	''),
(93,	7,	'A',	'0000-00-00 00:00:00',	0,	'',	0,	10,	405,	280,	'0000-00-00 00:00:00',	'0000-00-00 00:00:00',	'0000-00-00 00:00:00',	0,	'',	''),
(92,	7,	'A',	'0000-00-00 00:00:00',	0,	'',	0,	10,	391,	259,	'0000-00-00 00:00:00',	'0000-00-00 00:00:00',	'0000-00-00 00:00:00',	0,	'',	''),
(91,	7,	'A',	'0000-00-00 00:00:00',	0,	'',	0,	10,	366,	250,	'0000-00-00 00:00:00',	'0000-00-00 00:00:00',	'0000-00-00 00:00:00',	0,	'',	''),
(70,	7,	'A',	'0000-00-00 00:00:00',	0,	'',	0,	7,	343,	370,	'0000-00-00 00:00:00',	'0000-00-00 00:00:00',	'0000-00-00 00:00:00',	0,	'',	''),
(69,	7,	'A',	'0000-00-00 00:00:00',	0,	'',	0,	7,	327,	391,	'0000-00-00 00:00:00',	'0000-00-00 00:00:00',	'0000-00-00 00:00:00',	0,	'',	''),
(68,	7,	'A',	'0000-00-00 00:00:00',	0,	'',	0,	7,	326,	417,	'0000-00-00 00:00:00',	'0000-00-00 00:00:00',	'0000-00-00 00:00:00',	0,	'',	''),
(67,	7,	'A',	'0000-00-00 00:00:00',	0,	'',	0,	7,	340,	438,	'0000-00-00 00:00:00',	'0000-00-00 00:00:00',	'0000-00-00 00:00:00',	0,	'',	''),
(66,	7,	'A',	'0000-00-00 00:00:00',	0,	'',	0,	7,	365,	447,	'0000-00-00 00:00:00',	'0000-00-00 00:00:00',	'0000-00-00 00:00:00',	0,	'',	''),
(65,	7,	'A',	'0000-00-00 00:00:00',	0,	'',	0,	7,	389,	440,	'0000-00-00 00:00:00',	'0000-00-00 00:00:00',	'0000-00-00 00:00:00',	0,	'',	''),
(64,	7,	'A',	'0000-00-00 00:00:00',	0,	'',	0,	7,	405,	419,	'0000-00-00 00:00:00',	'0000-00-00 00:00:00',	'0000-00-00 00:00:00',	0,	'',	''),
(63,	7,	'A',	'0000-00-00 00:00:00',	0,	'',	0,	7,	406,	393,	'0000-00-00 00:00:00',	'0000-00-00 00:00:00',	'0000-00-00 00:00:00',	0,	'',	''),
(62,	7,	'A',	'0000-00-00 00:00:00',	0,	'',	0,	7,	392,	372,	'0000-00-00 00:00:00',	'0000-00-00 00:00:00',	'0000-00-00 00:00:00',	0,	'',	''),
(61,	7,	'A',	'0000-00-00 00:00:00',	0,	'',	0,	7,	367,	363,	'0000-00-00 00:00:00',	'0000-00-00 00:00:00',	'0000-00-00 00:00:00',	0,	'',	''),
(40,	7,	'A',	'0000-00-00 00:00:00',	0,	'',	0,	4,	209,	496,	'0000-00-00 00:00:00',	'0000-00-00 00:00:00',	'0000-00-00 00:00:00',	0,	'',	''),
(39,	7,	'A',	'0000-00-00 00:00:00',	0,	'',	0,	4,	193,	517,	'0000-00-00 00:00:00',	'0000-00-00 00:00:00',	'0000-00-00 00:00:00',	0,	'',	''),
(38,	7,	'A',	'0000-00-00 00:00:00',	0,	'',	0,	4,	192,	543,	'0000-00-00 00:00:00',	'0000-00-00 00:00:00',	'0000-00-00 00:00:00',	0,	'',	''),
(37,	7,	'A',	'0000-00-00 00:00:00',	0,	'',	0,	4,	206,	564,	'0000-00-00 00:00:00',	'0000-00-00 00:00:00',	'0000-00-00 00:00:00',	0,	'',	''),
(36,	7,	'A',	'0000-00-00 00:00:00',	0,	'',	0,	4,	231,	573,	'0000-00-00 00:00:00',	'0000-00-00 00:00:00',	'0000-00-00 00:00:00',	0,	'',	''),
(35,	7,	'A',	'0000-00-00 00:00:00',	0,	'',	0,	4,	255,	566,	'0000-00-00 00:00:00',	'0000-00-00 00:00:00',	'0000-00-00 00:00:00',	0,	'',	''),
(34,	7,	'A',	'0000-00-00 00:00:00',	0,	'',	0,	4,	271,	545,	'0000-00-00 00:00:00',	'0000-00-00 00:00:00',	'0000-00-00 00:00:00',	0,	'',	''),
(33,	7,	'A',	'0000-00-00 00:00:00',	0,	'',	0,	4,	272,	519,	'0000-00-00 00:00:00',	'0000-00-00 00:00:00',	'0000-00-00 00:00:00',	0,	'',	''),
(32,	7,	'A',	'0000-00-00 00:00:00',	0,	'',	0,	4,	258,	498,	'0000-00-00 00:00:00',	'0000-00-00 00:00:00',	'0000-00-00 00:00:00',	0,	'',	''),
(31,	7,	'A',	'0000-00-00 00:00:00',	0,	'',	0,	4,	233,	489,	'0000-00-00 00:00:00',	'0000-00-00 00:00:00',	'0000-00-00 00:00:00',	0,	'',	''),
(30,	7,	'A',	'0000-00-00 00:00:00',	0,	'',	0,	3,	342,	483,	'0000-00-00 00:00:00',	'0000-00-00 00:00:00',	'0000-00-00 00:00:00',	0,	'',	''),
(29,	7,	'A',	'0000-00-00 00:00:00',	0,	'',	0,	3,	326,	504,	'0000-00-00 00:00:00',	'0000-00-00 00:00:00',	'0000-00-00 00:00:00',	0,	'',	''),
(28,	7,	'A',	'0000-00-00 00:00:00',	0,	'',	0,	3,	325,	530,	'0000-00-00 00:00:00',	'0000-00-00 00:00:00',	'0000-00-00 00:00:00',	0,	'',	''),
(27,	7,	'A',	'0000-00-00 00:00:00',	0,	'',	0,	3,	339,	551,	'0000-00-00 00:00:00',	'0000-00-00 00:00:00',	'0000-00-00 00:00:00',	0,	'',	''),
(26,	7,	'A',	'0000-00-00 00:00:00',	0,	'',	0,	3,	364,	560,	'0000-00-00 00:00:00',	'0000-00-00 00:00:00',	'0000-00-00 00:00:00',	0,	'',	''),
(25,	7,	'A',	'0000-00-00 00:00:00',	0,	'',	0,	3,	388,	553,	'0000-00-00 00:00:00',	'0000-00-00 00:00:00',	'0000-00-00 00:00:00',	0,	'',	''),
(24,	7,	'A',	'0000-00-00 00:00:00',	0,	'',	0,	3,	404,	532,	'0000-00-00 00:00:00',	'0000-00-00 00:00:00',	'0000-00-00 00:00:00',	0,	'',	''),
(23,	7,	'A',	'0000-00-00 00:00:00',	0,	'',	0,	3,	405,	506,	'0000-00-00 00:00:00',	'0000-00-00 00:00:00',	'0000-00-00 00:00:00',	0,	'',	''),
(22,	7,	'A',	'0000-00-00 00:00:00',	0,	'',	0,	3,	391,	485,	'0000-00-00 00:00:00',	'0000-00-00 00:00:00',	'0000-00-00 00:00:00',	0,	'',	''),
(21,	7,	'A',	'0000-00-00 00:00:00',	0,	'',	0,	3,	366,	476,	'0000-00-00 00:00:00',	'0000-00-00 00:00:00',	'0000-00-00 00:00:00',	0,	'',	''),
(20,	7,	'A',	'0000-00-00 00:00:00',	0,	'',	0,	2,	477,	496,	'0000-00-00 00:00:00',	'0000-00-00 00:00:00',	'0000-00-00 00:00:00',	0,	'',	''),
(19,	7,	'A',	'0000-00-00 00:00:00',	0,	'',	0,	2,	461,	517,	'0000-00-00 00:00:00',	'0000-00-00 00:00:00',	'0000-00-00 00:00:00',	0,	'',	''),
(18,	7,	'A',	'0000-00-00 00:00:00',	0,	'',	0,	2,	460,	543,	'0000-00-00 00:00:00',	'0000-00-00 00:00:00',	'0000-00-00 00:00:00',	0,	'',	''),
(17,	7,	'A',	'0000-00-00 00:00:00',	0,	'',	0,	2,	474,	564,	'0000-00-00 00:00:00',	'0000-00-00 00:00:00',	'0000-00-00 00:00:00',	0,	'',	''),
(16,	7,	'A',	'0000-00-00 00:00:00',	0,	'',	0,	2,	499,	573,	'0000-00-00 00:00:00',	'0000-00-00 00:00:00',	'0000-00-00 00:00:00',	0,	'',	''),
(15,	7,	'A',	'0000-00-00 00:00:00',	0,	'',	0,	2,	523,	566,	'0000-00-00 00:00:00',	'0000-00-00 00:00:00',	'0000-00-00 00:00:00',	0,	'',	''),
(14,	7,	'A',	'0000-00-00 00:00:00',	0,	'',	0,	2,	539,	545,	'0000-00-00 00:00:00',	'0000-00-00 00:00:00',	'0000-00-00 00:00:00',	0,	'',	''),
(13,	7,	'A',	'0000-00-00 00:00:00',	0,	'',	0,	2,	540,	519,	'0000-00-00 00:00:00',	'0000-00-00 00:00:00',	'0000-00-00 00:00:00',	0,	'',	''),
(12,	7,	'A',	'0000-00-00 00:00:00',	0,	'',	0,	2,	526,	498,	'0000-00-00 00:00:00',	'0000-00-00 00:00:00',	'0000-00-00 00:00:00',	0,	'',	''),
(11,	7,	'A',	'0000-00-00 00:00:00',	0,	'',	0,	2,	501,	489,	'0000-00-00 00:00:00',	'0000-00-00 00:00:00',	'0000-00-00 00:00:00',	0,	'',	''),
(10,	7,	'A',	'0000-00-00 00:00:00',	0,	'',	0,	1,	601,	526,	'0000-00-00 00:00:00',	'0000-00-00 00:00:00',	'0000-00-00 00:00:00',	0,	'',	''),
(9,	7,	'A',	'0000-00-00 00:00:00',	0,	'',	0,	1,	585,	547,	'0000-00-00 00:00:00',	'0000-00-00 00:00:00',	'0000-00-00 00:00:00',	0,	'',	''),
(8,	7,	'A',	'0000-00-00 00:00:00',	0,	'',	0,	1,	584,	573,	'0000-00-00 00:00:00',	'0000-00-00 00:00:00',	'0000-00-00 00:00:00',	0,	'',	''),
(7,	7,	'A',	'0000-00-00 00:00:00',	0,	'',	0,	1,	598,	594,	'0000-00-00 00:00:00',	'0000-00-00 00:00:00',	'0000-00-00 00:00:00',	0,	'',	''),
(6,	7,	'A',	'0000-00-00 00:00:00',	0,	'',	0,	1,	623,	603,	'0000-00-00 00:00:00',	'0000-00-00 00:00:00',	'0000-00-00 00:00:00',	0,	'',	''),
(5,	7,	'A',	'0000-00-00 00:00:00',	0,	'',	0,	1,	647,	596,	'0000-00-00 00:00:00',	'0000-00-00 00:00:00',	'0000-00-00 00:00:00',	0,	'',	''),
(4,	7,	'A',	'0000-00-00 00:00:00',	0,	'',	0,	1,	663,	575,	'0000-00-00 00:00:00',	'0000-00-00 00:00:00',	'0000-00-00 00:00:00',	0,	'',	''),
(3,	7,	'A',	'0000-00-00 00:00:00',	0,	'',	0,	1,	664,	549,	'0000-00-00 00:00:00',	'0000-00-00 00:00:00',	'0000-00-00 00:00:00',	0,	'',	''),
(2,	7,	'A',	'0000-00-00 00:00:00',	0,	'',	0,	1,	650,	528,	'0000-00-00 00:00:00',	'0000-00-00 00:00:00',	'0000-00-00 00:00:00',	0,	'',	''),
(1,	7,	'A',	'0000-00-00 00:00:00',	0,	'',	0,	1,	625,	519,	'0000-00-00 00:00:00',	'0000-00-00 00:00:00',	'0000-00-00 00:00:00',	0,	'',	''),
(10,	8,	'A',	'0000-00-00 00:00:00',	0,	'',	0,	1,	37,	268,	'0000-00-00 00:00:00',	'0000-00-00 00:00:00',	'0000-00-00 00:00:00',	0,	'',	''),
(9,	8,	'A',	'0000-00-00 00:00:00',	0,	'',	0,	1,	21,	289,	'0000-00-00 00:00:00',	'0000-00-00 00:00:00',	'0000-00-00 00:00:00',	0,	'',	''),
(8,	8,	'A',	'0000-00-00 00:00:00',	0,	'',	0,	1,	20,	315,	'0000-00-00 00:00:00',	'0000-00-00 00:00:00',	'0000-00-00 00:00:00',	0,	'',	''),
(7,	8,	'A',	'0000-00-00 00:00:00',	0,	'',	0,	1,	34,	336,	'0000-00-00 00:00:00',	'0000-00-00 00:00:00',	'0000-00-00 00:00:00',	0,	'',	''),
(6,	8,	'A',	'0000-00-00 00:00:00',	0,	'',	0,	1,	59,	345,	'0000-00-00 00:00:00',	'0000-00-00 00:00:00',	'0000-00-00 00:00:00',	0,	'',	''),
(5,	8,	'A',	'0000-00-00 00:00:00',	0,	'',	0,	1,	83,	338,	'0000-00-00 00:00:00',	'0000-00-00 00:00:00',	'0000-00-00 00:00:00',	0,	'',	''),
(4,	8,	'A',	'0000-00-00 00:00:00',	0,	'',	0,	1,	99,	317,	'0000-00-00 00:00:00',	'0000-00-00 00:00:00',	'0000-00-00 00:00:00',	0,	'',	''),
(3,	8,	'A',	'0000-00-00 00:00:00',	0,	'',	0,	1,	100,	291,	'0000-00-00 00:00:00',	'0000-00-00 00:00:00',	'0000-00-00 00:00:00',	0,	'',	''),
(2,	8,	'A',	'0000-00-00 00:00:00',	0,	'',	0,	1,	86,	270,	'0000-00-00 00:00:00',	'0000-00-00 00:00:00',	'0000-00-00 00:00:00',	0,	'',	''),
(1,	8,	'A',	'0000-00-00 00:00:00',	0,	'',	0,	1,	61,	261,	'0000-00-00 00:00:00',	'0000-00-00 00:00:00',	'0000-00-00 00:00:00',	0,	'',	''),
(60,	8,	'A',	'0000-00-00 00:00:00',	0,	'',	0,	6,	301,	268,	'0000-00-00 00:00:00',	'0000-00-00 00:00:00',	'0000-00-00 00:00:00',	0,	'',	''),
(59,	8,	'A',	'0000-00-00 00:00:00',	0,	'',	0,	6,	285,	289,	'0000-00-00 00:00:00',	'0000-00-00 00:00:00',	'0000-00-00 00:00:00',	0,	'',	''),
(58,	8,	'A',	'0000-00-00 00:00:00',	0,	'',	0,	6,	284,	315,	'0000-00-00 00:00:00',	'0000-00-00 00:00:00',	'0000-00-00 00:00:00',	0,	'',	''),
(57,	8,	'A',	'0000-00-00 00:00:00',	0,	'',	0,	6,	298,	336,	'0000-00-00 00:00:00',	'0000-00-00 00:00:00',	'0000-00-00 00:00:00',	0,	'',	''),
(56,	8,	'A',	'0000-00-00 00:00:00',	0,	'',	0,	6,	323,	345,	'0000-00-00 00:00:00',	'0000-00-00 00:00:00',	'0000-00-00 00:00:00',	0,	'',	''),
(55,	8,	'A',	'0000-00-00 00:00:00',	0,	'',	0,	6,	347,	338,	'0000-00-00 00:00:00',	'0000-00-00 00:00:00',	'0000-00-00 00:00:00',	0,	'',	''),
(54,	8,	'A',	'0000-00-00 00:00:00',	0,	'',	0,	6,	363,	317,	'0000-00-00 00:00:00',	'0000-00-00 00:00:00',	'0000-00-00 00:00:00',	0,	'',	''),
(53,	8,	'A',	'0000-00-00 00:00:00',	0,	'',	0,	6,	364,	291,	'0000-00-00 00:00:00',	'0000-00-00 00:00:00',	'0000-00-00 00:00:00',	0,	'',	''),
(52,	8,	'A',	'0000-00-00 00:00:00',	0,	'',	0,	6,	350,	270,	'0000-00-00 00:00:00',	'0000-00-00 00:00:00',	'0000-00-00 00:00:00',	0,	'',	''),
(51,	8,	'A',	'0000-00-00 00:00:00',	0,	'',	0,	6,	325,	261,	'0000-00-00 00:00:00',	'0000-00-00 00:00:00',	'0000-00-00 00:00:00',	0,	'',	''),
(50,	8,	'A',	'0000-00-00 00:00:00',	0,	'',	0,	5,	300,	140,	'0000-00-00 00:00:00',	'0000-00-00 00:00:00',	'0000-00-00 00:00:00',	0,	'',	''),
(49,	8,	'A',	'0000-00-00 00:00:00',	0,	'',	0,	5,	284,	161,	'0000-00-00 00:00:00',	'0000-00-00 00:00:00',	'0000-00-00 00:00:00',	0,	'',	''),
(48,	8,	'A',	'0000-00-00 00:00:00',	0,	'',	0,	5,	283,	187,	'0000-00-00 00:00:00',	'0000-00-00 00:00:00',	'0000-00-00 00:00:00',	0,	'',	''),
(47,	8,	'A',	'0000-00-00 00:00:00',	0,	'',	0,	5,	297,	208,	'0000-00-00 00:00:00',	'0000-00-00 00:00:00',	'0000-00-00 00:00:00',	0,	'',	''),
(46,	8,	'A',	'0000-00-00 00:00:00',	0,	'',	0,	5,	322,	217,	'0000-00-00 00:00:00',	'0000-00-00 00:00:00',	'0000-00-00 00:00:00',	0,	'',	''),
(45,	8,	'A',	'0000-00-00 00:00:00',	0,	'',	0,	5,	346,	210,	'0000-00-00 00:00:00',	'0000-00-00 00:00:00',	'0000-00-00 00:00:00',	0,	'',	''),
(44,	8,	'A',	'0000-00-00 00:00:00',	0,	'',	0,	5,	362,	189,	'0000-00-00 00:00:00',	'0000-00-00 00:00:00',	'0000-00-00 00:00:00',	0,	'',	''),
(43,	8,	'A',	'0000-00-00 00:00:00',	0,	'',	0,	5,	363,	163,	'0000-00-00 00:00:00',	'0000-00-00 00:00:00',	'0000-00-00 00:00:00',	0,	'',	''),
(42,	8,	'A',	'0000-00-00 00:00:00',	0,	'',	0,	5,	349,	142,	'0000-00-00 00:00:00',	'0000-00-00 00:00:00',	'0000-00-00 00:00:00',	0,	'',	''),
(41,	8,	'A',	'0000-00-00 00:00:00',	0,	'',	0,	5,	324,	133,	'0000-00-00 00:00:00',	'0000-00-00 00:00:00',	'0000-00-00 00:00:00',	0,	'',	''),
(20,	8,	'A',	'0000-00-00 00:00:00',	0,	'',	0,	2,	37,	140,	'0000-00-00 00:00:00',	'0000-00-00 00:00:00',	'0000-00-00 00:00:00',	0,	'',	''),
(19,	8,	'A',	'0000-00-00 00:00:00',	0,	'',	0,	2,	21,	161,	'0000-00-00 00:00:00',	'0000-00-00 00:00:00',	'0000-00-00 00:00:00',	0,	'',	''),
(18,	8,	'A',	'0000-00-00 00:00:00',	0,	'',	0,	2,	20,	187,	'0000-00-00 00:00:00',	'0000-00-00 00:00:00',	'0000-00-00 00:00:00',	0,	'',	''),
(17,	8,	'A',	'0000-00-00 00:00:00',	0,	'',	0,	2,	34,	208,	'0000-00-00 00:00:00',	'0000-00-00 00:00:00',	'0000-00-00 00:00:00',	0,	'',	''),
(16,	8,	'A',	'0000-00-00 00:00:00',	0,	'',	0,	2,	59,	217,	'0000-00-00 00:00:00',	'0000-00-00 00:00:00',	'0000-00-00 00:00:00',	0,	'',	''),
(15,	8,	'A',	'0000-00-00 00:00:00',	0,	'',	0,	2,	83,	210,	'0000-00-00 00:00:00',	'0000-00-00 00:00:00',	'0000-00-00 00:00:00',	0,	'',	''),
(14,	8,	'A',	'0000-00-00 00:00:00',	0,	'',	0,	2,	99,	189,	'0000-00-00 00:00:00',	'0000-00-00 00:00:00',	'0000-00-00 00:00:00',	0,	'',	''),
(13,	8,	'A',	'0000-00-00 00:00:00',	0,	'',	0,	2,	100,	163,	'0000-00-00 00:00:00',	'0000-00-00 00:00:00',	'0000-00-00 00:00:00',	0,	'',	''),
(12,	8,	'A',	'0000-00-00 00:00:00',	0,	'',	0,	2,	86,	142,	'0000-00-00 00:00:00',	'0000-00-00 00:00:00',	'0000-00-00 00:00:00',	0,	'',	''),
(11,	8,	'A',	'0000-00-00 00:00:00',	0,	'',	0,	2,	61,	133,	'0000-00-00 00:00:00',	'0000-00-00 00:00:00',	'0000-00-00 00:00:00',	0,	'',	''),
(40,	8,	'A',	'0000-00-00 00:00:00',	0,	'',	0,	4,	229,	20,	'0000-00-00 00:00:00',	'0000-00-00 00:00:00',	'0000-00-00 00:00:00',	0,	'',	''),
(39,	8,	'A',	'0000-00-00 00:00:00',	0,	'',	0,	4,	213,	41,	'0000-00-00 00:00:00',	'0000-00-00 00:00:00',	'0000-00-00 00:00:00',	0,	'',	''),
(38,	8,	'A',	'0000-00-00 00:00:00',	0,	'',	0,	4,	212,	67,	'0000-00-00 00:00:00',	'0000-00-00 00:00:00',	'0000-00-00 00:00:00',	0,	'',	''),
(37,	8,	'A',	'0000-00-00 00:00:00',	0,	'',	0,	4,	226,	88,	'0000-00-00 00:00:00',	'0000-00-00 00:00:00',	'0000-00-00 00:00:00',	0,	'',	''),
(36,	8,	'A',	'0000-00-00 00:00:00',	0,	'',	0,	4,	251,	97,	'0000-00-00 00:00:00',	'0000-00-00 00:00:00',	'0000-00-00 00:00:00',	0,	'',	''),
(35,	8,	'A',	'0000-00-00 00:00:00',	0,	'',	0,	4,	275,	90,	'0000-00-00 00:00:00',	'0000-00-00 00:00:00',	'0000-00-00 00:00:00',	0,	'',	''),
(34,	8,	'A',	'0000-00-00 00:00:00',	0,	'',	0,	4,	291,	69,	'0000-00-00 00:00:00',	'0000-00-00 00:00:00',	'0000-00-00 00:00:00',	0,	'',	''),
(33,	8,	'A',	'0000-00-00 00:00:00',	0,	'',	0,	4,	292,	43,	'0000-00-00 00:00:00',	'0000-00-00 00:00:00',	'0000-00-00 00:00:00',	0,	'',	''),
(32,	8,	'A',	'0000-00-00 00:00:00',	0,	'',	0,	4,	278,	22,	'0000-00-00 00:00:00',	'0000-00-00 00:00:00',	'0000-00-00 00:00:00',	0,	'',	''),
(31,	8,	'A',	'0000-00-00 00:00:00',	0,	'',	0,	4,	253,	13,	'0000-00-00 00:00:00',	'0000-00-00 00:00:00',	'0000-00-00 00:00:00',	0,	'',	''),
(30,	8,	'A',	'0000-00-00 00:00:00',	0,	'',	0,	3,	108,	20,	'0000-00-00 00:00:00',	'0000-00-00 00:00:00',	'0000-00-00 00:00:00',	0,	'',	''),
(29,	8,	'A',	'0000-00-00 00:00:00',	0,	'',	0,	3,	92,	41,	'0000-00-00 00:00:00',	'0000-00-00 00:00:00',	'0000-00-00 00:00:00',	0,	'',	''),
(28,	8,	'A',	'0000-00-00 00:00:00',	0,	'',	0,	3,	91,	67,	'0000-00-00 00:00:00',	'0000-00-00 00:00:00',	'0000-00-00 00:00:00',	0,	'',	''),
(27,	8,	'A',	'0000-00-00 00:00:00',	0,	'',	1,	3,	105,	88,	'2013-01-24 17:22:51',	'2013-02-01 17:22:51',	'2013-01-20 01:33:52',	1,	'',	''),
(26,	8,	'A',	'0000-00-00 00:00:00',	0,	'',	1,	3,	130,	97,	'2013-01-24 17:22:51',	'2013-02-01 17:22:51',	'2013-01-20 01:33:52',	1,	'',	''),
(25,	8,	'A',	'0000-00-00 00:00:00',	0,	'',	0,	3,	154,	90,	'0000-00-00 00:00:00',	'0000-00-00 00:00:00',	'0000-00-00 00:00:00',	0,	'',	''),
(24,	8,	'A',	'0000-00-00 00:00:00',	0,	'',	0,	3,	170,	69,	'0000-00-00 00:00:00',	'0000-00-00 00:00:00',	'0000-00-00 00:00:00',	0,	'',	''),
(23,	8,	'A',	'0000-00-00 00:00:00',	0,	'',	0,	3,	171,	43,	'0000-00-00 00:00:00',	'0000-00-00 00:00:00',	'0000-00-00 00:00:00',	0,	'',	''),
(22,	8,	'A',	'0000-00-00 00:00:00',	0,	'',	0,	3,	157,	22,	'0000-00-00 00:00:00',	'0000-00-00 00:00:00',	'0000-00-00 00:00:00',	0,	'',	''),
(21,	8,	'A',	'0000-00-00 00:00:00',	0,	'',	0,	3,	132,	13,	'0000-00-00 00:00:00',	'0000-00-00 00:00:00',	'0000-00-00 00:00:00',	0,	'',	''),
(150,	9,	'A',	'0000-00-00 00:00:00',	0,	'',	0,	33,	46,	654,	'0000-00-00 00:00:00',	'0000-00-00 00:00:00',	'0000-00-00 00:00:00',	0,	'',	''),
(149,	9,	'A',	'0000-00-00 00:00:00',	0,	'',	0,	33,	26,	654,	'0000-00-00 00:00:00',	'0000-00-00 00:00:00',	'0000-00-00 00:00:00',	0,	'',	''),
(148,	9,	'A',	'0000-00-00 00:00:00',	0,	'',	0,	33,	46,	615,	'0000-00-00 00:00:00',	'0000-00-00 00:00:00',	'0000-00-00 00:00:00',	0,	'',	''),
(147,	9,	'A',	'0000-00-00 00:00:00',	0,	'',	0,	33,	26,	615,	'0000-00-00 00:00:00',	'0000-00-00 00:00:00',	'0000-00-00 00:00:00',	0,	'',	''),
(146,	9,	'A',	'0000-00-00 00:00:00',	0,	'',	0,	32,	46,	549,	'0000-00-00 00:00:00',	'0000-00-00 00:00:00',	'0000-00-00 00:00:00',	0,	'',	''),
(145,	9,	'A',	'0000-00-00 00:00:00',	0,	'',	0,	32,	26,	549,	'0000-00-00 00:00:00',	'0000-00-00 00:00:00',	'0000-00-00 00:00:00',	0,	'',	''),
(144,	9,	'A',	'0000-00-00 00:00:00',	0,	'',	0,	32,	46,	510,	'0000-00-00 00:00:00',	'0000-00-00 00:00:00',	'0000-00-00 00:00:00',	0,	'',	''),
(143,	9,	'A',	'0000-00-00 00:00:00',	0,	'',	0,	32,	26,	510,	'0000-00-00 00:00:00',	'0000-00-00 00:00:00',	'0000-00-00 00:00:00',	0,	'',	''),
(142,	9,	'A',	'0000-00-00 00:00:00',	0,	'',	0,	31,	46,	446,	'0000-00-00 00:00:00',	'0000-00-00 00:00:00',	'0000-00-00 00:00:00',	0,	'',	''),
(141,	9,	'A',	'0000-00-00 00:00:00',	0,	'',	0,	31,	26,	446,	'0000-00-00 00:00:00',	'0000-00-00 00:00:00',	'0000-00-00 00:00:00',	0,	'',	''),
(140,	9,	'A',	'0000-00-00 00:00:00',	0,	'',	0,	31,	46,	407,	'0000-00-00 00:00:00',	'0000-00-00 00:00:00',	'0000-00-00 00:00:00',	0,	'',	''),
(139,	9,	'A',	'0000-00-00 00:00:00',	0,	'',	0,	31,	26,	407,	'0000-00-00 00:00:00',	'0000-00-00 00:00:00',	'0000-00-00 00:00:00',	0,	'',	''),
(138,	9,	'A',	'0000-00-00 00:00:00',	0,	'',	0,	30,	46,	343,	'0000-00-00 00:00:00',	'0000-00-00 00:00:00',	'0000-00-00 00:00:00',	0,	'',	''),
(137,	9,	'A',	'0000-00-00 00:00:00',	0,	'',	0,	30,	26,	343,	'0000-00-00 00:00:00',	'0000-00-00 00:00:00',	'0000-00-00 00:00:00',	0,	'',	''),
(136,	9,	'A',	'0000-00-00 00:00:00',	0,	'',	0,	30,	46,	304,	'0000-00-00 00:00:00',	'0000-00-00 00:00:00',	'0000-00-00 00:00:00',	0,	'',	''),
(135,	9,	'A',	'0000-00-00 00:00:00',	0,	'',	0,	30,	26,	304,	'0000-00-00 00:00:00',	'0000-00-00 00:00:00',	'0000-00-00 00:00:00',	0,	'',	''),
(134,	9,	'A',	'0000-00-00 00:00:00',	0,	'',	0,	29,	46,	240,	'0000-00-00 00:00:00',	'0000-00-00 00:00:00',	'0000-00-00 00:00:00',	0,	'',	''),
(133,	9,	'A',	'0000-00-00 00:00:00',	0,	'',	0,	29,	26,	240,	'0000-00-00 00:00:00',	'0000-00-00 00:00:00',	'0000-00-00 00:00:00',	0,	'',	''),
(132,	9,	'A',	'0000-00-00 00:00:00',	0,	'',	0,	29,	46,	201,	'0000-00-00 00:00:00',	'0000-00-00 00:00:00',	'0000-00-00 00:00:00',	0,	'',	''),
(131,	9,	'A',	'0000-00-00 00:00:00',	0,	'',	0,	29,	26,	201,	'0000-00-00 00:00:00',	'0000-00-00 00:00:00',	'0000-00-00 00:00:00',	0,	'',	''),
(130,	9,	'A',	'0000-00-00 00:00:00',	0,	'',	0,	28,	46,	137,	'0000-00-00 00:00:00',	'0000-00-00 00:00:00',	'0000-00-00 00:00:00',	0,	'',	''),
(129,	9,	'A',	'0000-00-00 00:00:00',	0,	'',	0,	28,	26,	137,	'0000-00-00 00:00:00',	'0000-00-00 00:00:00',	'0000-00-00 00:00:00',	0,	'',	''),
(128,	9,	'A',	'0000-00-00 00:00:00',	0,	'',	0,	28,	46,	98,	'0000-00-00 00:00:00',	'0000-00-00 00:00:00',	'0000-00-00 00:00:00',	0,	'',	''),
(127,	9,	'A',	'0000-00-00 00:00:00',	0,	'',	0,	28,	26,	98,	'0000-00-00 00:00:00',	'0000-00-00 00:00:00',	'0000-00-00 00:00:00',	0,	'',	''),
(86,	9,	'A',	'0000-00-00 00:00:00',	0,	'',	0,	19,	128,	685,	'0000-00-00 00:00:00',	'0000-00-00 00:00:00',	'0000-00-00 00:00:00',	0,	'',	''),
(85,	9,	'A',	'0000-00-00 00:00:00',	0,	'',	0,	19,	148,	664,	'0000-00-00 00:00:00',	'0000-00-00 00:00:00',	'0000-00-00 00:00:00',	0,	'',	''),
(84,	9,	'A',	'0000-00-00 00:00:00',	0,	'',	0,	19,	148,	644,	'0000-00-00 00:00:00',	'0000-00-00 00:00:00',	'0000-00-00 00:00:00',	0,	'',	''),
(83,	9,	'A',	'0000-00-00 00:00:00',	0,	'',	0,	19,	128,	625,	'0000-00-00 00:00:00',	'0000-00-00 00:00:00',	'0000-00-00 00:00:00',	0,	'',	''),
(82,	9,	'A',	'0000-00-00 00:00:00',	0,	'',	0,	19,	107,	664,	'0000-00-00 00:00:00',	'0000-00-00 00:00:00',	'0000-00-00 00:00:00',	0,	'',	''),
(81,	9,	'A',	'0000-00-00 00:00:00',	0,	'',	0,	19,	107,	644,	'0000-00-00 00:00:00',	'0000-00-00 00:00:00',	'0000-00-00 00:00:00',	0,	'',	''),
(90,	9,	'A',	'0000-00-00 00:00:00',	0,	'',	0,	20,	148,	592,	'0000-00-00 00:00:00',	'0000-00-00 00:00:00',	'0000-00-00 00:00:00',	0,	'',	''),
(89,	9,	'A',	'0000-00-00 00:00:00',	0,	'',	0,	20,	148,	572,	'0000-00-00 00:00:00',	'0000-00-00 00:00:00',	'0000-00-00 00:00:00',	0,	'',	''),
(88,	9,	'A',	'0000-00-00 00:00:00',	0,	'',	0,	20,	107,	592,	'0000-00-00 00:00:00',	'0000-00-00 00:00:00',	'0000-00-00 00:00:00',	0,	'',	''),
(87,	9,	'A',	'0000-00-00 00:00:00',	0,	'',	0,	20,	107,	572,	'0000-00-00 00:00:00',	'0000-00-00 00:00:00',	'0000-00-00 00:00:00',	0,	'',	''),
(96,	9,	'A',	'0000-00-00 00:00:00',	0,	'',	0,	21,	128,	541,	'0000-00-00 00:00:00',	'0000-00-00 00:00:00',	'0000-00-00 00:00:00',	0,	'',	''),
(95,	9,	'A',	'0000-00-00 00:00:00',	0,	'',	0,	21,	148,	520,	'0000-00-00 00:00:00',	'0000-00-00 00:00:00',	'0000-00-00 00:00:00',	0,	'',	''),
(94,	9,	'A',	'0000-00-00 00:00:00',	0,	'',	0,	21,	148,	500,	'0000-00-00 00:00:00',	'0000-00-00 00:00:00',	'0000-00-00 00:00:00',	0,	'',	''),
(93,	9,	'A',	'0000-00-00 00:00:00',	0,	'',	0,	21,	128,	481,	'0000-00-00 00:00:00',	'0000-00-00 00:00:00',	'0000-00-00 00:00:00',	0,	'',	''),
(92,	9,	'A',	'0000-00-00 00:00:00',	0,	'',	0,	21,	107,	520,	'0000-00-00 00:00:00',	'0000-00-00 00:00:00',	'0000-00-00 00:00:00',	0,	'',	''),
(91,	9,	'A',	'0000-00-00 00:00:00',	0,	'',	0,	21,	107,	500,	'0000-00-00 00:00:00',	'0000-00-00 00:00:00',	'0000-00-00 00:00:00',	0,	'',	''),
(100,	9,	'A',	'0000-00-00 00:00:00',	0,	'',	0,	22,	148,	448,	'0000-00-00 00:00:00',	'0000-00-00 00:00:00',	'0000-00-00 00:00:00',	0,	'',	''),
(99,	9,	'A',	'0000-00-00 00:00:00',	0,	'',	0,	22,	148,	428,	'0000-00-00 00:00:00',	'0000-00-00 00:00:00',	'0000-00-00 00:00:00',	0,	'',	''),
(98,	9,	'A',	'0000-00-00 00:00:00',	0,	'',	0,	22,	107,	448,	'0000-00-00 00:00:00',	'0000-00-00 00:00:00',	'0000-00-00 00:00:00',	0,	'',	''),
(97,	9,	'A',	'0000-00-00 00:00:00',	0,	'',	0,	22,	107,	428,	'0000-00-00 00:00:00',	'0000-00-00 00:00:00',	'0000-00-00 00:00:00',	0,	'',	''),
(106,	9,	'A',	'0000-00-00 00:00:00',	0,	'',	0,	23,	128,	397,	'0000-00-00 00:00:00',	'0000-00-00 00:00:00',	'0000-00-00 00:00:00',	0,	'',	''),
(105,	9,	'A',	'0000-00-00 00:00:00',	0,	'',	0,	23,	148,	376,	'0000-00-00 00:00:00',	'0000-00-00 00:00:00',	'0000-00-00 00:00:00',	0,	'',	''),
(104,	9,	'A',	'0000-00-00 00:00:00',	0,	'',	0,	23,	148,	356,	'0000-00-00 00:00:00',	'0000-00-00 00:00:00',	'0000-00-00 00:00:00',	0,	'',	''),
(103,	9,	'A',	'0000-00-00 00:00:00',	0,	'',	0,	23,	128,	337,	'0000-00-00 00:00:00',	'0000-00-00 00:00:00',	'0000-00-00 00:00:00',	0,	'',	''),
(102,	9,	'A',	'0000-00-00 00:00:00',	0,	'',	0,	23,	107,	376,	'0000-00-00 00:00:00',	'0000-00-00 00:00:00',	'0000-00-00 00:00:00',	0,	'',	''),
(101,	9,	'A',	'0000-00-00 00:00:00',	0,	'',	0,	23,	107,	356,	'0000-00-00 00:00:00',	'0000-00-00 00:00:00',	'0000-00-00 00:00:00',	0,	'',	''),
(110,	9,	'A',	'0000-00-00 00:00:00',	0,	'',	0,	24,	148,	304,	'0000-00-00 00:00:00',	'0000-00-00 00:00:00',	'0000-00-00 00:00:00',	0,	'',	''),
(109,	9,	'A',	'0000-00-00 00:00:00',	0,	'',	0,	24,	148,	284,	'0000-00-00 00:00:00',	'0000-00-00 00:00:00',	'0000-00-00 00:00:00',	0,	'',	''),
(108,	9,	'A',	'0000-00-00 00:00:00',	0,	'',	0,	24,	107,	304,	'0000-00-00 00:00:00',	'0000-00-00 00:00:00',	'0000-00-00 00:00:00',	0,	'',	''),
(107,	9,	'A',	'0000-00-00 00:00:00',	0,	'',	0,	24,	107,	284,	'0000-00-00 00:00:00',	'0000-00-00 00:00:00',	'0000-00-00 00:00:00',	0,	'',	''),
(116,	9,	'A',	'0000-00-00 00:00:00',	0,	'',	0,	25,	128,	253,	'0000-00-00 00:00:00',	'0000-00-00 00:00:00',	'0000-00-00 00:00:00',	0,	'',	''),
(115,	9,	'A',	'0000-00-00 00:00:00',	0,	'',	0,	25,	148,	232,	'0000-00-00 00:00:00',	'0000-00-00 00:00:00',	'0000-00-00 00:00:00',	0,	'',	''),
(114,	9,	'A',	'0000-00-00 00:00:00',	0,	'',	0,	25,	148,	212,	'0000-00-00 00:00:00',	'0000-00-00 00:00:00',	'0000-00-00 00:00:00',	0,	'',	''),
(113,	9,	'A',	'0000-00-00 00:00:00',	0,	'',	0,	25,	128,	193,	'0000-00-00 00:00:00',	'0000-00-00 00:00:00',	'0000-00-00 00:00:00',	0,	'',	''),
(112,	9,	'A',	'0000-00-00 00:00:00',	0,	'',	0,	25,	107,	232,	'0000-00-00 00:00:00',	'0000-00-00 00:00:00',	'0000-00-00 00:00:00',	0,	'',	''),
(111,	9,	'A',	'0000-00-00 00:00:00',	0,	'',	0,	25,	107,	212,	'0000-00-00 00:00:00',	'0000-00-00 00:00:00',	'0000-00-00 00:00:00',	0,	'',	''),
(120,	9,	'A',	'0000-00-00 00:00:00',	0,	'',	0,	26,	148,	160,	'0000-00-00 00:00:00',	'0000-00-00 00:00:00',	'0000-00-00 00:00:00',	0,	'',	''),
(119,	9,	'A',	'0000-00-00 00:00:00',	0,	'',	0,	26,	148,	140,	'0000-00-00 00:00:00',	'0000-00-00 00:00:00',	'0000-00-00 00:00:00',	0,	'',	''),
(118,	9,	'A',	'0000-00-00 00:00:00',	0,	'',	0,	26,	107,	160,	'0000-00-00 00:00:00',	'0000-00-00 00:00:00',	'0000-00-00 00:00:00',	0,	'',	''),
(117,	9,	'A',	'0000-00-00 00:00:00',	0,	'',	0,	26,	107,	140,	'0000-00-00 00:00:00',	'0000-00-00 00:00:00',	'0000-00-00 00:00:00',	0,	'',	''),
(126,	9,	'A',	'0000-00-00 00:00:00',	0,	'',	0,	27,	128,	109,	'0000-00-00 00:00:00',	'0000-00-00 00:00:00',	'0000-00-00 00:00:00',	0,	'',	''),
(125,	9,	'A',	'0000-00-00 00:00:00',	0,	'',	0,	27,	148,	88,	'0000-00-00 00:00:00',	'0000-00-00 00:00:00',	'0000-00-00 00:00:00',	0,	'',	''),
(124,	9,	'A',	'0000-00-00 00:00:00',	0,	'',	0,	27,	148,	68,	'0000-00-00 00:00:00',	'0000-00-00 00:00:00',	'0000-00-00 00:00:00',	0,	'',	''),
(123,	9,	'A',	'0000-00-00 00:00:00',	0,	'',	0,	27,	128,	49,	'0000-00-00 00:00:00',	'0000-00-00 00:00:00',	'0000-00-00 00:00:00',	0,	'',	''),
(122,	9,	'A',	'0000-00-00 00:00:00',	0,	'',	0,	27,	107,	88,	'0000-00-00 00:00:00',	'0000-00-00 00:00:00',	'0000-00-00 00:00:00',	0,	'',	''),
(121,	9,	'A',	'0000-00-00 00:00:00',	0,	'',	0,	27,	107,	68,	'0000-00-00 00:00:00',	'0000-00-00 00:00:00',	'0000-00-00 00:00:00',	0,	'',	''),
(80,	9,	'A',	'0000-00-00 00:00:00',	0,	'',	0,	18,	235,	664,	'0000-00-00 00:00:00',	'0000-00-00 00:00:00',	'0000-00-00 00:00:00',	0,	'',	''),
(79,	9,	'A',	'0000-00-00 00:00:00',	0,	'',	0,	18,	235,	644,	'0000-00-00 00:00:00',	'0000-00-00 00:00:00',	'0000-00-00 00:00:00',	0,	'',	''),
(78,	9,	'A',	'0000-00-00 00:00:00',	0,	'',	0,	18,	194,	664,	'0000-00-00 00:00:00',	'0000-00-00 00:00:00',	'0000-00-00 00:00:00',	0,	'',	''),
(77,	9,	'A',	'0000-00-00 00:00:00',	0,	'',	0,	18,	194,	644,	'0000-00-00 00:00:00',	'0000-00-00 00:00:00',	'0000-00-00 00:00:00',	0,	'',	''),
(76,	9,	'A',	'0000-00-00 00:00:00',	0,	'',	0,	17,	215,	613,	'0000-00-00 00:00:00',	'0000-00-00 00:00:00',	'0000-00-00 00:00:00',	0,	'',	''),
(75,	9,	'A',	'0000-00-00 00:00:00',	0,	'',	0,	17,	235,	592,	'0000-00-00 00:00:00',	'0000-00-00 00:00:00',	'0000-00-00 00:00:00',	0,	'',	''),
(74,	9,	'A',	'0000-00-00 00:00:00',	0,	'',	0,	17,	235,	572,	'0000-00-00 00:00:00',	'0000-00-00 00:00:00',	'0000-00-00 00:00:00',	0,	'',	''),
(73,	9,	'A',	'0000-00-00 00:00:00',	0,	'',	0,	17,	215,	553,	'0000-00-00 00:00:00',	'0000-00-00 00:00:00',	'0000-00-00 00:00:00',	0,	'',	''),
(72,	9,	'A',	'0000-00-00 00:00:00',	0,	'',	0,	17,	194,	592,	'0000-00-00 00:00:00',	'0000-00-00 00:00:00',	'0000-00-00 00:00:00',	0,	'',	''),
(71,	9,	'A',	'0000-00-00 00:00:00',	0,	'',	0,	17,	194,	572,	'0000-00-00 00:00:00',	'0000-00-00 00:00:00',	'0000-00-00 00:00:00',	0,	'',	''),
(70,	9,	'A',	'0000-00-00 00:00:00',	0,	'',	0,	16,	235,	520,	'0000-00-00 00:00:00',	'0000-00-00 00:00:00',	'0000-00-00 00:00:00',	0,	'',	''),
(69,	9,	'A',	'0000-00-00 00:00:00',	0,	'',	0,	16,	235,	500,	'0000-00-00 00:00:00',	'0000-00-00 00:00:00',	'0000-00-00 00:00:00',	0,	'',	''),
(68,	9,	'A',	'0000-00-00 00:00:00',	0,	'',	0,	16,	194,	520,	'0000-00-00 00:00:00',	'0000-00-00 00:00:00',	'0000-00-00 00:00:00',	0,	'',	''),
(67,	9,	'A',	'0000-00-00 00:00:00',	0,	'',	0,	16,	194,	500,	'0000-00-00 00:00:00',	'0000-00-00 00:00:00',	'0000-00-00 00:00:00',	0,	'',	''),
(66,	9,	'A',	'0000-00-00 00:00:00',	0,	'',	0,	15,	215,	469,	'0000-00-00 00:00:00',	'0000-00-00 00:00:00',	'0000-00-00 00:00:00',	0,	'',	''),
(65,	9,	'A',	'0000-00-00 00:00:00',	0,	'',	0,	15,	235,	448,	'0000-00-00 00:00:00',	'0000-00-00 00:00:00',	'0000-00-00 00:00:00',	0,	'',	''),
(64,	9,	'A',	'0000-00-00 00:00:00',	0,	'',	0,	15,	235,	428,	'0000-00-00 00:00:00',	'0000-00-00 00:00:00',	'0000-00-00 00:00:00',	0,	'',	''),
(63,	9,	'A',	'0000-00-00 00:00:00',	0,	'',	0,	15,	215,	409,	'0000-00-00 00:00:00',	'0000-00-00 00:00:00',	'0000-00-00 00:00:00',	0,	'',	''),
(62,	9,	'A',	'0000-00-00 00:00:00',	0,	'',	0,	15,	194,	448,	'0000-00-00 00:00:00',	'0000-00-00 00:00:00',	'0000-00-00 00:00:00',	0,	'',	''),
(61,	9,	'A',	'0000-00-00 00:00:00',	0,	'',	0,	15,	194,	428,	'0000-00-00 00:00:00',	'0000-00-00 00:00:00',	'0000-00-00 00:00:00',	0,	'',	''),
(60,	9,	'A',	'0000-00-00 00:00:00',	0,	'',	0,	14,	235,	376,	'0000-00-00 00:00:00',	'0000-00-00 00:00:00',	'0000-00-00 00:00:00',	0,	'',	''),
(59,	9,	'A',	'0000-00-00 00:00:00',	0,	'',	0,	14,	235,	356,	'0000-00-00 00:00:00',	'0000-00-00 00:00:00',	'0000-00-00 00:00:00',	0,	'',	''),
(58,	9,	'A',	'0000-00-00 00:00:00',	0,	'',	0,	14,	194,	376,	'0000-00-00 00:00:00',	'0000-00-00 00:00:00',	'0000-00-00 00:00:00',	0,	'',	''),
(57,	9,	'A',	'0000-00-00 00:00:00',	0,	'',	0,	14,	194,	356,	'0000-00-00 00:00:00',	'0000-00-00 00:00:00',	'0000-00-00 00:00:00',	0,	'',	''),
(56,	9,	'A',	'0000-00-00 00:00:00',	0,	'',	0,	13,	215,	325,	'0000-00-00 00:00:00',	'0000-00-00 00:00:00',	'0000-00-00 00:00:00',	0,	'',	''),
(55,	9,	'A',	'0000-00-00 00:00:00',	0,	'',	0,	13,	235,	304,	'0000-00-00 00:00:00',	'0000-00-00 00:00:00',	'0000-00-00 00:00:00',	0,	'',	''),
(54,	9,	'A',	'0000-00-00 00:00:00',	0,	'',	0,	13,	235,	284,	'0000-00-00 00:00:00',	'0000-00-00 00:00:00',	'0000-00-00 00:00:00',	0,	'',	''),
(53,	9,	'A',	'0000-00-00 00:00:00',	0,	'',	0,	13,	215,	265,	'0000-00-00 00:00:00',	'0000-00-00 00:00:00',	'0000-00-00 00:00:00',	0,	'',	''),
(52,	9,	'A',	'0000-00-00 00:00:00',	0,	'',	0,	13,	194,	304,	'0000-00-00 00:00:00',	'0000-00-00 00:00:00',	'0000-00-00 00:00:00',	0,	'',	''),
(51,	9,	'A',	'0000-00-00 00:00:00',	0,	'',	0,	13,	194,	284,	'0000-00-00 00:00:00',	'0000-00-00 00:00:00',	'0000-00-00 00:00:00',	0,	'',	''),
(50,	9,	'A',	'0000-00-00 00:00:00',	0,	'',	0,	12,	235,	232,	'0000-00-00 00:00:00',	'0000-00-00 00:00:00',	'0000-00-00 00:00:00',	0,	'',	''),
(49,	9,	'A',	'0000-00-00 00:00:00',	0,	'',	0,	12,	235,	212,	'0000-00-00 00:00:00',	'0000-00-00 00:00:00',	'0000-00-00 00:00:00',	0,	'',	''),
(48,	9,	'A',	'0000-00-00 00:00:00',	0,	'',	0,	12,	194,	232,	'0000-00-00 00:00:00',	'0000-00-00 00:00:00',	'0000-00-00 00:00:00',	0,	'',	''),
(47,	9,	'A',	'0000-00-00 00:00:00',	0,	'',	0,	12,	194,	212,	'0000-00-00 00:00:00',	'0000-00-00 00:00:00',	'0000-00-00 00:00:00',	0,	'',	''),
(46,	9,	'A',	'2013-01-17 20:52:31',	2,	'',	1,	11,	215,	181,	'2013-01-17 19:34:49',	'2013-01-21 23:00:00',	'2013-01-20 01:33:52',	1,	'',	''),
(45,	9,	'A',	'2013-01-17 20:52:31',	2,	'',	1,	11,	235,	160,	'2013-01-17 19:34:49',	'2013-01-21 23:00:00',	'2013-01-20 01:33:52',	1,	'',	''),
(44,	9,	'A',	'0000-00-00 00:00:00',	0,	'',	0,	11,	235,	140,	'0000-00-00 00:00:00',	'0000-00-00 00:00:00',	'0000-00-00 00:00:00',	0,	'',	''),
(43,	9,	'A',	'0000-00-00 00:00:00',	0,	'',	0,	11,	215,	121,	'0000-00-00 00:00:00',	'0000-00-00 00:00:00',	'0000-00-00 00:00:00',	0,	'',	''),
(42,	9,	'A',	'0000-00-00 00:00:00',	0,	'',	0,	11,	194,	160,	'0000-00-00 00:00:00',	'0000-00-00 00:00:00',	'0000-00-00 00:00:00',	0,	'',	''),
(41,	9,	'A',	'0000-00-00 00:00:00',	0,	'',	0,	11,	194,	140,	'0000-00-00 00:00:00',	'0000-00-00 00:00:00',	'0000-00-00 00:00:00',	0,	'',	''),
(40,	9,	'A',	'0000-00-00 00:00:00',	0,	'',	1,	10,	235,	88,	'2013-01-17 17:55:57',	'2013-01-21 23:00:00',	'2013-01-20 01:33:52',	1,	'',	''),
(39,	9,	'A',	'0000-00-00 00:00:00',	0,	'',	0,	10,	235,	68,	'0000-00-00 00:00:00',	'0000-00-00 00:00:00',	'0000-00-00 00:00:00',	0,	'',	''),
(38,	9,	'A',	'0000-00-00 00:00:00',	0,	'',	0,	10,	194,	88,	'0000-00-00 00:00:00',	'0000-00-00 00:00:00',	'0000-00-00 00:00:00',	0,	'',	''),
(37,	9,	'A',	'0000-00-00 00:00:00',	0,	'',	0,	10,	194,	68,	'0000-00-00 00:00:00',	'0000-00-00 00:00:00',	'0000-00-00 00:00:00',	0,	'',	''),
(36,	9,	'A',	'0000-00-00 00:00:00',	0,	'',	0,	9,	321,	65,	'0000-00-00 00:00:00',	'0000-00-00 00:00:00',	'0000-00-00 00:00:00',	0,	'',	''),
(35,	9,	'A',	'0000-00-00 00:00:00',	0,	'',	0,	9,	300,	65,	'0000-00-00 00:00:00',	'0000-00-00 00:00:00',	'0000-00-00 00:00:00',	0,	'',	''),
(34,	9,	'A',	'0000-00-00 00:00:00',	0,	'',	0,	9,	321,	21,	'0000-00-00 00:00:00',	'0000-00-00 00:00:00',	'0000-00-00 00:00:00',	0,	'',	''),
(33,	9,	'A',	'0000-00-00 00:00:00',	0,	'',	0,	9,	300,	21,	'0000-00-00 00:00:00',	'0000-00-00 00:00:00',	'0000-00-00 00:00:00',	0,	'',	''),
(32,	9,	'A',	'0000-00-00 00:00:00',	0,	'',	0,	8,	321,	150,	'0000-00-00 00:00:00',	'0000-00-00 00:00:00',	'0000-00-00 00:00:00',	0,	'',	''),
(31,	9,	'A',	'0000-00-00 00:00:00',	0,	'',	0,	8,	300,	150,	'0000-00-00 00:00:00',	'0000-00-00 00:00:00',	'0000-00-00 00:00:00',	0,	'',	''),
(30,	9,	'A',	'0000-00-00 00:00:00',	0,	'',	0,	8,	321,	106,	'0000-00-00 00:00:00',	'0000-00-00 00:00:00',	'0000-00-00 00:00:00',	0,	'',	''),
(29,	9,	'A',	'0000-00-00 00:00:00',	0,	'',	0,	8,	300,	106,	'0000-00-00 00:00:00',	'0000-00-00 00:00:00',	'0000-00-00 00:00:00',	0,	'',	''),
(28,	9,	'A',	'0000-00-00 00:00:00',	0,	'',	0,	7,	321,	235,	'0000-00-00 00:00:00',	'0000-00-00 00:00:00',	'0000-00-00 00:00:00',	0,	'',	''),
(27,	9,	'A',	'0000-00-00 00:00:00',	0,	'',	0,	7,	300,	235,	'0000-00-00 00:00:00',	'0000-00-00 00:00:00',	'0000-00-00 00:00:00',	0,	'',	''),
(26,	9,	'A',	'0000-00-00 00:00:00',	0,	'',	0,	7,	321,	191,	'0000-00-00 00:00:00',	'0000-00-00 00:00:00',	'0000-00-00 00:00:00',	0,	'',	''),
(25,	9,	'A',	'0000-00-00 00:00:00',	0,	'',	0,	7,	300,	191,	'0000-00-00 00:00:00',	'0000-00-00 00:00:00',	'0000-00-00 00:00:00',	0,	'',	''),
(24,	9,	'A',	'0000-00-00 00:00:00',	0,	'',	0,	6,	321,	320,	'0000-00-00 00:00:00',	'0000-00-00 00:00:00',	'0000-00-00 00:00:00',	0,	'',	''),
(23,	9,	'A',	'0000-00-00 00:00:00',	0,	'',	0,	6,	300,	320,	'0000-00-00 00:00:00',	'0000-00-00 00:00:00',	'0000-00-00 00:00:00',	0,	'',	''),
(22,	9,	'A',	'0000-00-00 00:00:00',	0,	'',	0,	6,	321,	276,	'0000-00-00 00:00:00',	'0000-00-00 00:00:00',	'0000-00-00 00:00:00',	0,	'',	''),
(21,	9,	'A',	'0000-00-00 00:00:00',	0,	'',	0,	6,	300,	276,	'0000-00-00 00:00:00',	'0000-00-00 00:00:00',	'0000-00-00 00:00:00',	0,	'',	''),
(20,	9,	'A',	'0000-00-00 00:00:00',	0,	'',	0,	5,	321,	405,	'0000-00-00 00:00:00',	'0000-00-00 00:00:00',	'0000-00-00 00:00:00',	0,	'',	''),
(19,	9,	'A',	'0000-00-00 00:00:00',	0,	'',	0,	5,	300,	405,	'0000-00-00 00:00:00',	'0000-00-00 00:00:00',	'0000-00-00 00:00:00',	0,	'',	''),
(18,	9,	'A',	'0000-00-00 00:00:00',	0,	'',	0,	5,	321,	361,	'0000-00-00 00:00:00',	'0000-00-00 00:00:00',	'0000-00-00 00:00:00',	0,	'',	''),
(17,	9,	'A',	'0000-00-00 00:00:00',	0,	'',	0,	5,	300,	361,	'0000-00-00 00:00:00',	'0000-00-00 00:00:00',	'0000-00-00 00:00:00',	0,	'',	''),
(16,	9,	'A',	'0000-00-00 00:00:00',	0,	'',	0,	4,	321,	490,	'0000-00-00 00:00:00',	'0000-00-00 00:00:00',	'0000-00-00 00:00:00',	0,	'',	''),
(15,	9,	'A',	'0000-00-00 00:00:00',	0,	'',	0,	4,	300,	490,	'0000-00-00 00:00:00',	'0000-00-00 00:00:00',	'0000-00-00 00:00:00',	0,	'',	''),
(14,	9,	'A',	'0000-00-00 00:00:00',	0,	'',	0,	4,	321,	446,	'0000-00-00 00:00:00',	'0000-00-00 00:00:00',	'0000-00-00 00:00:00',	0,	'',	''),
(13,	9,	'A',	'0000-00-00 00:00:00',	0,	'',	0,	4,	300,	446,	'0000-00-00 00:00:00',	'0000-00-00 00:00:00',	'0000-00-00 00:00:00',	0,	'',	''),
(12,	9,	'A',	'0000-00-00 00:00:00',	0,	'',	0,	3,	321,	575,	'0000-00-00 00:00:00',	'0000-00-00 00:00:00',	'0000-00-00 00:00:00',	0,	'',	''),
(11,	9,	'A',	'0000-00-00 00:00:00',	0,	'',	0,	3,	300,	575,	'0000-00-00 00:00:00',	'0000-00-00 00:00:00',	'0000-00-00 00:00:00',	0,	'',	''),
(10,	9,	'A',	'0000-00-00 00:00:00',	0,	'',	0,	3,	321,	531,	'0000-00-00 00:00:00',	'0000-00-00 00:00:00',	'0000-00-00 00:00:00',	0,	'',	''),
(9,	9,	'A',	'0000-00-00 00:00:00',	0,	'',	0,	3,	300,	531,	'0000-00-00 00:00:00',	'0000-00-00 00:00:00',	'0000-00-00 00:00:00',	0,	'',	''),
(8,	9,	'A',	'0000-00-00 00:00:00',	0,	'',	0,	2,	321,	660,	'0000-00-00 00:00:00',	'0000-00-00 00:00:00',	'0000-00-00 00:00:00',	0,	'',	''),
(7,	9,	'A',	'0000-00-00 00:00:00',	0,	'',	0,	2,	300,	660,	'0000-00-00 00:00:00',	'0000-00-00 00:00:00',	'0000-00-00 00:00:00',	0,	'',	''),
(6,	9,	'A',	'0000-00-00 00:00:00',	0,	'',	0,	2,	321,	616,	'0000-00-00 00:00:00',	'0000-00-00 00:00:00',	'0000-00-00 00:00:00',	0,	'',	''),
(5,	9,	'A',	'0000-00-00 00:00:00',	0,	'',	0,	2,	300,	616,	'0000-00-00 00:00:00',	'0000-00-00 00:00:00',	'0000-00-00 00:00:00',	0,	'',	''),
(4,	9,	'A',	'0000-00-00 00:00:00',	0,	'',	0,	1,	321,	745,	'0000-00-00 00:00:00',	'0000-00-00 00:00:00',	'0000-00-00 00:00:00',	0,	'',	''),
(3,	9,	'A',	'0000-00-00 00:00:00',	0,	'',	0,	1,	300,	745,	'0000-00-00 00:00:00',	'0000-00-00 00:00:00',	'0000-00-00 00:00:00',	0,	'',	''),
(2,	9,	'A',	'0000-00-00 00:00:00',	0,	'',	0,	1,	321,	701,	'0000-00-00 00:00:00',	'0000-00-00 00:00:00',	'0000-00-00 00:00:00',	0,	'',	''),
(1,	9,	'A',	'0000-00-00 00:00:00',	0,	'',	0,	1,	300,	701,	'0000-00-00 00:00:00',	'0000-00-00 00:00:00',	'0000-00-00 00:00:00',	0,	'',	''),
(48,	10,	'A',	'0000-00-00 00:00:00',	0,	'',	0,	11,	150,	349,	'0000-00-00 00:00:00',	'0000-00-00 00:00:00',	'0000-00-00 00:00:00',	0,	'',	''),
(47,	10,	'A',	'0000-00-00 00:00:00',	0,	'',	0,	11,	170,	328,	'0000-00-00 00:00:00',	'0000-00-00 00:00:00',	'0000-00-00 00:00:00',	0,	'',	''),
(46,	10,	'A',	'0000-00-00 00:00:00',	0,	'',	0,	11,	170,	308,	'0000-00-00 00:00:00',	'0000-00-00 00:00:00',	'0000-00-00 00:00:00',	0,	'',	''),
(5,	10,	'A',	'0000-00-00 00:00:00',	0,	'',	0,	2,	249,	435,	'0000-00-00 00:00:00',	'0000-00-00 00:00:00',	'0000-00-00 00:00:00',	0,	'',	''),
(4,	10,	'A',	'0000-00-00 00:00:00',	0,	'',	0,	1,	269,	574,	'0000-00-00 00:00:00',	'0000-00-00 00:00:00',	'0000-00-00 00:00:00',	0,	'',	''),
(3,	10,	'A',	'0000-00-00 00:00:00',	0,	'',	0,	1,	249,	574,	'0000-00-00 00:00:00',	'0000-00-00 00:00:00',	'0000-00-00 00:00:00',	0,	'',	''),
(44,	10,	'A',	'0000-00-00 00:00:00',	0,	'',	0,	11,	130,	328,	'0000-00-00 00:00:00',	'0000-00-00 00:00:00',	'0000-00-00 00:00:00',	0,	'',	''),
(43,	10,	'A',	'0000-00-00 00:00:00',	0,	'',	0,	11,	130,	308,	'0000-00-00 00:00:00',	'0000-00-00 00:00:00',	'0000-00-00 00:00:00',	0,	'',	''),
(42,	10,	'A',	'0000-00-00 00:00:00',	0,	'',	0,	10,	170,	255,	'0000-00-00 00:00:00',	'0000-00-00 00:00:00',	'0000-00-00 00:00:00',	0,	'',	''),
(41,	10,	'A',	'0000-00-00 00:00:00',	0,	'',	0,	10,	170,	235,	'0000-00-00 00:00:00',	'0000-00-00 00:00:00',	'0000-00-00 00:00:00',	0,	'',	''),
(63,	10,	'A',	'0000-00-00 00:00:00',	0,	'',	0,	15,	130,	592,	'0000-00-00 00:00:00',	'0000-00-00 00:00:00',	'0000-00-00 00:00:00',	0,	'',	''),
(73,	10,	'A',	'0000-00-00 00:00:00',	0,	'',	0,	16,	57,	644,	'0000-00-00 00:00:00',	'0000-00-00 00:00:00',	'0000-00-00 00:00:00',	0,	'',	''),
(72,	10,	'A',	'0000-00-00 00:00:00',	0,	'',	0,	16,	37,	644,	'0000-00-00 00:00:00',	'0000-00-00 00:00:00',	'0000-00-00 00:00:00',	0,	'',	''),
(71,	10,	'A',	'0000-00-00 00:00:00',	0,	'',	0,	16,	57,	600,	'0000-00-00 00:00:00',	'0000-00-00 00:00:00',	'0000-00-00 00:00:00',	0,	'',	''),
(70,	10,	'A',	'0000-00-00 00:00:00',	0,	'',	0,	16,	37,	600,	'0000-00-00 00:00:00',	'0000-00-00 00:00:00',	'0000-00-00 00:00:00',	0,	'',	''),
(69,	10,	'A',	'0000-00-00 00:00:00',	0,	'',	0,	16,	82,	621,	'0000-00-00 00:00:00',	'0000-00-00 00:00:00',	'0000-00-00 00:00:00',	0,	'',	''),
(67,	10,	'A',	'0000-00-00 00:00:00',	0,	'',	0,	15,	170,	612,	'0000-00-00 00:00:00',	'0000-00-00 00:00:00',	'0000-00-00 00:00:00',	0,	'',	''),
(66,	10,	'A',	'0000-00-00 00:00:00',	0,	'',	0,	15,	170,	592,	'0000-00-00 00:00:00',	'0000-00-00 00:00:00',	'0000-00-00 00:00:00',	0,	'',	''),
(65,	10,	'A',	'0000-00-00 00:00:00',	0,	'',	0,	15,	150,	573,	'0000-00-00 00:00:00',	'0000-00-00 00:00:00',	'0000-00-00 00:00:00',	0,	'',	''),
(64,	10,	'A',	'0000-00-00 00:00:00',	0,	'',	0,	15,	130,	612,	'0000-00-00 00:00:00',	'0000-00-00 00:00:00',	'0000-00-00 00:00:00',	0,	'',	''),
(53,	10,	'A',	'0000-00-00 00:00:00',	0,	'',	0,	13,	130,	452,	'0000-00-00 00:00:00',	'0000-00-00 00:00:00',	'0000-00-00 00:00:00',	0,	'',	''),
(62,	10,	'A',	'0000-00-00 00:00:00',	0,	'',	0,	14,	170,	542,	'0000-00-00 00:00:00',	'0000-00-00 00:00:00',	'0000-00-00 00:00:00',	0,	'',	''),
(61,	10,	'A',	'0000-00-00 00:00:00',	0,	'',	0,	14,	170,	522,	'0000-00-00 00:00:00',	'0000-00-00 00:00:00',	'0000-00-00 00:00:00',	0,	'',	''),
(60,	10,	'A',	'0000-00-00 00:00:00',	0,	'',	0,	14,	130,	542,	'0000-00-00 00:00:00',	'0000-00-00 00:00:00',	'0000-00-00 00:00:00',	0,	'',	''),
(59,	10,	'A',	'0000-00-00 00:00:00',	0,	'',	0,	14,	130,	522,	'0000-00-00 00:00:00',	'0000-00-00 00:00:00',	'0000-00-00 00:00:00',	0,	'',	''),
(68,	10,	'A',	'0000-00-00 00:00:00',	0,	'',	0,	15,	150,	633,	'0000-00-00 00:00:00',	'0000-00-00 00:00:00',	'0000-00-00 00:00:00',	0,	'',	''),
(57,	10,	'A',	'0000-00-00 00:00:00',	0,	'',	0,	13,	170,	472,	'0000-00-00 00:00:00',	'0000-00-00 00:00:00',	'0000-00-00 00:00:00',	0,	'',	''),
(56,	10,	'A',	'0000-00-00 00:00:00',	0,	'',	0,	13,	170,	452,	'0000-00-00 00:00:00',	'0000-00-00 00:00:00',	'0000-00-00 00:00:00',	0,	'',	''),
(55,	10,	'A',	'0000-00-00 00:00:00',	0,	'',	0,	13,	150,	433,	'0000-00-00 00:00:00',	'0000-00-00 00:00:00',	'0000-00-00 00:00:00',	0,	'',	''),
(54,	10,	'A',	'0000-00-00 00:00:00',	0,	'',	0,	13,	130,	472,	'0000-00-00 00:00:00',	'0000-00-00 00:00:00',	'0000-00-00 00:00:00',	0,	'',	''),
(13,	10,	'A',	'0000-00-00 00:00:00',	0,	'',	0,	4,	249,	247,	'0000-00-00 00:00:00',	'0000-00-00 00:00:00',	'0000-00-00 00:00:00',	0,	'',	''),
(2,	10,	'A',	'0000-00-00 00:00:00',	0,	'',	0,	1,	269,	530,	'0000-00-00 00:00:00',	'0000-00-00 00:00:00',	'0000-00-00 00:00:00',	0,	'',	''),
(1,	10,	'A',	'0000-00-00 00:00:00',	0,	'',	0,	1,	249,	530,	'0000-00-00 00:00:00',	'0000-00-00 00:00:00',	'0000-00-00 00:00:00',	0,	'',	''),
(10,	10,	'A',	'0000-00-00 00:00:00',	0,	'',	0,	3,	269,	341,	'0000-00-00 00:00:00',	'0000-00-00 00:00:00',	'0000-00-00 00:00:00',	0,	'',	''),
(19,	10,	'A',	'2013-01-24 16:41:43',	45,	'',	1,	5,	249,	197,	'2013-01-24 16:40:51',	'2013-02-01 16:40:51',	'2013-01-20 01:33:52',	1,	'9313227679029',	'jXKMIqkxhWACnXYk6vNNNEc8Io37JjJ3gtQZUawb77Ov5MPbhC'),
(8,	10,	'A',	'0000-00-00 00:00:00',	0,	'',	0,	2,	269,	479,	'0000-00-00 00:00:00',	'0000-00-00 00:00:00',	'0000-00-00 00:00:00',	0,	'',	''),
(7,	10,	'A',	'0000-00-00 00:00:00',	0,	'',	0,	2,	249,	479,	'0000-00-00 00:00:00',	'0000-00-00 00:00:00',	'0000-00-00 00:00:00',	0,	'',	''),
(6,	10,	'A',	'0000-00-00 00:00:00',	0,	'',	0,	2,	269,	435,	'0000-00-00 00:00:00',	'0000-00-00 00:00:00',	'0000-00-00 00:00:00',	0,	'',	''),
(15,	10,	'A',	'0000-00-00 00:00:00',	0,	'',	0,	4,	249,	291,	'0000-00-00 00:00:00',	'0000-00-00 00:00:00',	'0000-00-00 00:00:00',	0,	'',	''),
(14,	10,	'A',	'0000-00-00 00:00:00',	0,	'',	0,	4,	269,	247,	'0000-00-00 00:00:00',	'0000-00-00 00:00:00',	'0000-00-00 00:00:00',	0,	'',	''),
(45,	10,	'A',	'0000-00-00 00:00:00',	0,	'',	0,	11,	150,	289,	'0000-00-00 00:00:00',	'0000-00-00 00:00:00',	'0000-00-00 00:00:00',	0,	'',	''),
(12,	10,	'A',	'0000-00-00 00:00:00',	0,	'',	0,	3,	269,	385,	'0000-00-00 00:00:00',	'0000-00-00 00:00:00',	'0000-00-00 00:00:00',	0,	'',	''),
(11,	10,	'A',	'0000-00-00 00:00:00',	0,	'',	0,	3,	249,	385,	'0000-00-00 00:00:00',	'0000-00-00 00:00:00',	'0000-00-00 00:00:00',	0,	'',	''),
(20,	10,	'A',	'2013-01-24 16:41:43',	45,	'',	1,	5,	269,	197,	'2013-01-24 16:40:51',	'2013-02-01 16:40:51',	'2013-01-20 01:33:52',	1,	'9314747988615',	'Z4gcdZBg7lzRoQlePfpmrwtf1z1RLjtLoKXBKySRUsIii3x8jX'),
(39,	10,	'A',	'0000-00-00 00:00:00',	0,	'',	0,	10,	130,	235,	'0000-00-00 00:00:00',	'0000-00-00 00:00:00',	'0000-00-00 00:00:00',	0,	'',	''),
(38,	10,	'A',	'2013-01-17 19:15:20',	2,	'',	18,	9,	150,	202,	'2013-01-17 19:15:14',	'2013-01-21 23:00:00',	'2013-01-20 01:33:52',	2,	'',	''),
(37,	10,	'A',	'2013-01-17 19:15:20',	2,	'',	18,	9,	170,	181,	'2013-01-17 19:15:14',	'2013-01-21 23:00:00',	'2013-01-20 01:33:52',	2,	'',	''),
(36,	10,	'A',	'2013-01-17 19:15:20',	2,	'',	18,	9,	170,	161,	'2013-01-17 19:15:14',	'2013-01-21 23:00:00',	'2013-01-20 01:33:52',	2,	'',	''),
(109,	10,	'A',	'0000-00-00 00:00:00',	0,	'',	0,	24,	82,	131,	'0000-00-00 00:00:00',	'0000-00-00 00:00:00',	'0000-00-00 00:00:00',	0,	'',	''),
(18,	10,	'A',	'2013-01-24 16:41:43',	45,	'',	1,	5,	269,	153,	'2013-01-24 16:40:51',	'2013-02-01 16:40:51',	'2013-01-20 01:33:52',	1,	'9312454390554',	'Pk0uLbwyLoH3cNyl8lcYH8tLGxOQC3lrnlW8wsHiRol4cUplfB'),
(17,	10,	'A',	'2013-01-24 16:41:43',	45,	'',	1,	5,	249,	153,	'2013-01-24 16:40:51',	'2013-02-01 16:40:51',	'2013-01-20 01:33:52',	1,	'9311753887048',	'VXckfhItz4FIBzZCZbkL6vFqa1NAS8iN6v8lMRPmWu4x43a4eu'),
(16,	10,	'A',	'0000-00-00 00:00:00',	0,	'',	0,	4,	269,	291,	'0000-00-00 00:00:00',	'0000-00-00 00:00:00',	'0000-00-00 00:00:00',	0,	'',	''),
(25,	10,	'A',	'0000-00-00 00:00:00',	0,	'',	0,	7,	130,	22,	'0000-00-00 00:00:00',	'0000-00-00 00:00:00',	'0000-00-00 00:00:00',	0,	'',	''),
(24,	10,	'A',	'0000-00-00 00:00:00',	0,	'',	0,	6,	269,	103,	'0000-00-00 00:00:00',	'0000-00-00 00:00:00',	'0000-00-00 00:00:00',	0,	'',	''),
(23,	10,	'A',	'0000-00-00 00:00:00',	0,	'',	0,	6,	249,	103,	'0000-00-00 00:00:00',	'0000-00-00 00:00:00',	'0000-00-00 00:00:00',	0,	'',	''),
(22,	10,	'A',	'0000-00-00 00:00:00',	0,	'',	0,	6,	269,	59,	'0000-00-00 00:00:00',	'0000-00-00 00:00:00',	'0000-00-00 00:00:00',	0,	'',	''),
(21,	10,	'A',	'0000-00-00 00:00:00',	0,	'',	0,	6,	249,	59,	'0000-00-00 00:00:00',	'0000-00-00 00:00:00',	'0000-00-00 00:00:00',	0,	'',	''),
(30,	10,	'A',	'0000-00-00 00:00:00',	0,	'',	0,	8,	130,	103,	'0000-00-00 00:00:00',	'0000-00-00 00:00:00',	'0000-00-00 00:00:00',	0,	'',	''),
(29,	10,	'A',	'0000-00-00 00:00:00',	0,	'',	0,	8,	130,	83,	'0000-00-00 00:00:00',	'0000-00-00 00:00:00',	'0000-00-00 00:00:00',	0,	'',	''),
(28,	10,	'A',	'0000-00-00 00:00:00',	0,	'',	0,	7,	170,	42,	'0000-00-00 00:00:00',	'0000-00-00 00:00:00',	'0000-00-00 00:00:00',	0,	'',	''),
(27,	10,	'A',	'0000-00-00 00:00:00',	0,	'',	0,	7,	170,	22,	'0000-00-00 00:00:00',	'0000-00-00 00:00:00',	'0000-00-00 00:00:00',	0,	'',	''),
(26,	10,	'A',	'0000-00-00 00:00:00',	0,	'',	0,	7,	130,	42,	'0000-00-00 00:00:00',	'0000-00-00 00:00:00',	'0000-00-00 00:00:00',	0,	'',	''),
(35,	10,	'A',	'2013-01-17 19:15:20',	2,	'',	18,	9,	150,	142,	'2013-01-17 19:15:14',	'2013-01-21 23:00:00',	'2013-01-20 01:33:52',	2,	'',	''),
(34,	10,	'A',	'2013-01-17 19:15:20',	2,	'',	18,	9,	130,	181,	'2013-01-17 19:15:14',	'2013-01-21 23:00:00',	'2013-01-20 01:33:52',	2,	'',	''),
(33,	10,	'A',	'2013-01-17 19:15:20',	2,	'',	18,	9,	130,	161,	'2013-01-17 19:15:14',	'2013-01-21 23:00:00',	'2013-01-20 01:33:52',	2,	'',	''),
(32,	10,	'A',	'0000-00-00 00:00:00',	0,	'',	0,	8,	170,	103,	'0000-00-00 00:00:00',	'0000-00-00 00:00:00',	'0000-00-00 00:00:00',	0,	'',	''),
(31,	10,	'A',	'0000-00-00 00:00:00',	0,	'',	0,	8,	170,	83,	'0000-00-00 00:00:00',	'0000-00-00 00:00:00',	'0000-00-00 00:00:00',	0,	'',	''),
(40,	10,	'A',	'0000-00-00 00:00:00',	0,	'',	0,	10,	130,	255,	'0000-00-00 00:00:00',	'0000-00-00 00:00:00',	'0000-00-00 00:00:00',	0,	'',	''),
(104,	10,	'A',	'0000-00-00 00:00:00',	0,	'',	0,	23,	82,	192,	'0000-00-00 00:00:00',	'0000-00-00 00:00:00',	'0000-00-00 00:00:00',	0,	'',	''),
(105,	10,	'A',	'0000-00-00 00:00:00',	0,	'',	0,	23,	37,	173,	'0000-00-00 00:00:00',	'0000-00-00 00:00:00',	'0000-00-00 00:00:00',	0,	'',	''),
(106,	10,	'A',	'0000-00-00 00:00:00',	0,	'',	0,	23,	57,	173,	'0000-00-00 00:00:00',	'0000-00-00 00:00:00',	'0000-00-00 00:00:00',	0,	'',	''),
(107,	10,	'A',	'0000-00-00 00:00:00',	0,	'',	0,	23,	37,	212,	'0000-00-00 00:00:00',	'0000-00-00 00:00:00',	'0000-00-00 00:00:00',	0,	'',	''),
(108,	10,	'A',	'0000-00-00 00:00:00',	0,	'',	0,	23,	57,	212,	'0000-00-00 00:00:00',	'0000-00-00 00:00:00',	'0000-00-00 00:00:00',	0,	'',	''),
(99,	10,	'A',	'0000-00-00 00:00:00',	0,	'',	0,	22,	82,	253,	'0000-00-00 00:00:00',	'0000-00-00 00:00:00',	'0000-00-00 00:00:00',	0,	'',	''),
(100,	10,	'A',	'0000-00-00 00:00:00',	0,	'',	0,	22,	37,	234,	'0000-00-00 00:00:00',	'0000-00-00 00:00:00',	'0000-00-00 00:00:00',	0,	'',	''),
(101,	10,	'A',	'0000-00-00 00:00:00',	0,	'',	0,	22,	57,	234,	'0000-00-00 00:00:00',	'0000-00-00 00:00:00',	'0000-00-00 00:00:00',	0,	'',	''),
(102,	10,	'A',	'0000-00-00 00:00:00',	0,	'',	0,	22,	37,	273,	'0000-00-00 00:00:00',	'0000-00-00 00:00:00',	'0000-00-00 00:00:00',	0,	'',	''),
(103,	10,	'A',	'0000-00-00 00:00:00',	0,	'',	0,	22,	57,	273,	'0000-00-00 00:00:00',	'0000-00-00 00:00:00',	'0000-00-00 00:00:00',	0,	'',	''),
(94,	10,	'A',	'0000-00-00 00:00:00',	0,	'',	0,	21,	82,	314,	'0000-00-00 00:00:00',	'0000-00-00 00:00:00',	'0000-00-00 00:00:00',	0,	'',	''),
(95,	10,	'A',	'0000-00-00 00:00:00',	0,	'',	0,	21,	37,	295,	'0000-00-00 00:00:00',	'0000-00-00 00:00:00',	'0000-00-00 00:00:00',	0,	'',	''),
(96,	10,	'A',	'0000-00-00 00:00:00',	0,	'',	0,	21,	57,	295,	'0000-00-00 00:00:00',	'0000-00-00 00:00:00',	'0000-00-00 00:00:00',	0,	'',	''),
(97,	10,	'A',	'0000-00-00 00:00:00',	0,	'',	0,	21,	37,	334,	'0000-00-00 00:00:00',	'0000-00-00 00:00:00',	'0000-00-00 00:00:00',	0,	'',	''),
(98,	10,	'A',	'0000-00-00 00:00:00',	0,	'',	0,	21,	57,	334,	'0000-00-00 00:00:00',	'0000-00-00 00:00:00',	'0000-00-00 00:00:00',	0,	'',	''),
(89,	10,	'A',	'0000-00-00 00:00:00',	0,	'',	0,	20,	82,	375,	'0000-00-00 00:00:00',	'0000-00-00 00:00:00',	'0000-00-00 00:00:00',	0,	'',	''),
(90,	10,	'A',	'0000-00-00 00:00:00',	0,	'',	0,	20,	37,	356,	'0000-00-00 00:00:00',	'0000-00-00 00:00:00',	'0000-00-00 00:00:00',	0,	'',	''),
(91,	10,	'A',	'0000-00-00 00:00:00',	0,	'',	0,	20,	57,	356,	'0000-00-00 00:00:00',	'0000-00-00 00:00:00',	'0000-00-00 00:00:00',	0,	'',	''),
(92,	10,	'A',	'0000-00-00 00:00:00',	0,	'',	0,	20,	37,	395,	'0000-00-00 00:00:00',	'0000-00-00 00:00:00',	'0000-00-00 00:00:00',	0,	'',	''),
(93,	10,	'A',	'0000-00-00 00:00:00',	0,	'',	0,	20,	57,	395,	'0000-00-00 00:00:00',	'0000-00-00 00:00:00',	'0000-00-00 00:00:00',	0,	'',	''),
(84,	10,	'A',	'0000-00-00 00:00:00',	0,	'',	0,	19,	82,	436,	'0000-00-00 00:00:00',	'0000-00-00 00:00:00',	'0000-00-00 00:00:00',	0,	'',	''),
(85,	10,	'A',	'0000-00-00 00:00:00',	0,	'',	0,	19,	37,	417,	'0000-00-00 00:00:00',	'0000-00-00 00:00:00',	'0000-00-00 00:00:00',	0,	'',	''),
(86,	10,	'A',	'0000-00-00 00:00:00',	0,	'',	0,	19,	57,	417,	'0000-00-00 00:00:00',	'0000-00-00 00:00:00',	'0000-00-00 00:00:00',	0,	'',	''),
(87,	10,	'A',	'0000-00-00 00:00:00',	0,	'',	0,	19,	37,	456,	'0000-00-00 00:00:00',	'0000-00-00 00:00:00',	'0000-00-00 00:00:00',	0,	'',	''),
(88,	10,	'A',	'0000-00-00 00:00:00',	0,	'',	0,	19,	57,	456,	'0000-00-00 00:00:00',	'0000-00-00 00:00:00',	'0000-00-00 00:00:00',	0,	'',	''),
(79,	10,	'A',	'0000-00-00 00:00:00',	0,	'',	0,	18,	82,	497,	'0000-00-00 00:00:00',	'0000-00-00 00:00:00',	'0000-00-00 00:00:00',	0,	'',	''),
(80,	10,	'A',	'0000-00-00 00:00:00',	0,	'',	0,	18,	37,	478,	'0000-00-00 00:00:00',	'0000-00-00 00:00:00',	'0000-00-00 00:00:00',	0,	'',	''),
(81,	10,	'A',	'0000-00-00 00:00:00',	0,	'',	0,	18,	57,	478,	'0000-00-00 00:00:00',	'0000-00-00 00:00:00',	'0000-00-00 00:00:00',	0,	'',	''),
(82,	10,	'A',	'0000-00-00 00:00:00',	0,	'',	0,	18,	37,	517,	'0000-00-00 00:00:00',	'0000-00-00 00:00:00',	'0000-00-00 00:00:00',	0,	'',	''),
(83,	10,	'A',	'0000-00-00 00:00:00',	0,	'',	0,	18,	57,	517,	'0000-00-00 00:00:00',	'0000-00-00 00:00:00',	'0000-00-00 00:00:00',	0,	'',	''),
(74,	10,	'A',	'0000-00-00 00:00:00',	0,	'',	0,	17,	82,	558,	'0000-00-00 00:00:00',	'0000-00-00 00:00:00',	'0000-00-00 00:00:00',	0,	'',	''),
(75,	10,	'A',	'0000-00-00 00:00:00',	0,	'',	0,	17,	37,	539,	'0000-00-00 00:00:00',	'0000-00-00 00:00:00',	'0000-00-00 00:00:00',	0,	'',	''),
(76,	10,	'A',	'0000-00-00 00:00:00',	0,	'',	0,	17,	57,	539,	'0000-00-00 00:00:00',	'0000-00-00 00:00:00',	'0000-00-00 00:00:00',	0,	'',	''),
(77,	10,	'A',	'0000-00-00 00:00:00',	0,	'',	0,	17,	37,	578,	'0000-00-00 00:00:00',	'0000-00-00 00:00:00',	'0000-00-00 00:00:00',	0,	'',	''),
(78,	10,	'A',	'0000-00-00 00:00:00',	0,	'',	0,	17,	57,	578,	'0000-00-00 00:00:00',	'0000-00-00 00:00:00',	'0000-00-00 00:00:00',	0,	'',	''),
(58,	10,	'A',	'0000-00-00 00:00:00',	0,	'',	0,	13,	150,	493,	'0000-00-00 00:00:00',	'0000-00-00 00:00:00',	'0000-00-00 00:00:00',	0,	'',	''),
(49,	10,	'A',	'0000-00-00 00:00:00',	0,	'',	0,	12,	130,	379,	'0000-00-00 00:00:00',	'0000-00-00 00:00:00',	'0000-00-00 00:00:00',	0,	'',	''),
(50,	10,	'A',	'0000-00-00 00:00:00',	0,	'',	0,	12,	130,	399,	'0000-00-00 00:00:00',	'0000-00-00 00:00:00',	'0000-00-00 00:00:00',	0,	'',	''),
(51,	10,	'A',	'0000-00-00 00:00:00',	0,	'',	0,	12,	170,	379,	'0000-00-00 00:00:00',	'0000-00-00 00:00:00',	'0000-00-00 00:00:00',	0,	'',	''),
(52,	10,	'A',	'0000-00-00 00:00:00',	0,	'',	0,	12,	170,	399,	'0000-00-00 00:00:00',	'0000-00-00 00:00:00',	'0000-00-00 00:00:00',	0,	'',	''),
(9,	10,	'A',	'0000-00-00 00:00:00',	0,	'',	0,	3,	249,	341,	'0000-00-00 00:00:00',	'0000-00-00 00:00:00',	'0000-00-00 00:00:00',	0,	'',	''),
(110,	10,	'A',	'0000-00-00 00:00:00',	0,	'',	0,	24,	37,	112,	'0000-00-00 00:00:00',	'0000-00-00 00:00:00',	'0000-00-00 00:00:00',	0,	'',	''),
(111,	10,	'A',	'0000-00-00 00:00:00',	0,	'',	0,	24,	57,	112,	'0000-00-00 00:00:00',	'0000-00-00 00:00:00',	'0000-00-00 00:00:00',	0,	'',	''),
(112,	10,	'A',	'0000-00-00 00:00:00',	0,	'',	0,	24,	37,	151,	'0000-00-00 00:00:00',	'0000-00-00 00:00:00',	'0000-00-00 00:00:00',	0,	'',	''),
(113,	10,	'A',	'0000-00-00 00:00:00',	0,	'',	0,	24,	57,	151,	'0000-00-00 00:00:00',	'0000-00-00 00:00:00',	'0000-00-00 00:00:00',	0,	'',	''),
(17,	11,	'A',	'0000-00-00 00:00:00',	0,	'',	0,	5,	26,	93,	'0000-00-00 00:00:00',	'0000-00-00 00:00:00',	'0000-00-00 00:00:00',	0,	'',	''),
(18,	11,	'A',	'0000-00-00 00:00:00',	0,	'',	0,	5,	26,	116,	'0000-00-00 00:00:00',	'0000-00-00 00:00:00',	'0000-00-00 00:00:00',	0,	'',	''),
(19,	11,	'A',	'2013-01-17 20:52:31',	2,	'',	1,	5,	75,	93,	'2013-01-17 19:32:24',	'2013-01-21 23:00:00',	'2013-01-20 01:33:52',	1,	'',	''),
(20,	11,	'A',	'0000-00-00 00:00:00',	0,	'',	1,	5,	75,	116,	'2013-01-17 19:32:24',	'2013-01-21 23:00:00',	'2013-01-20 01:33:52',	1,	'',	''),
(21,	11,	'A',	'0000-00-00 00:00:00',	0,	'',	0,	6,	113,	93,	'0000-00-00 00:00:00',	'0000-00-00 00:00:00',	'0000-00-00 00:00:00',	0,	'',	''),
(22,	11,	'A',	'0000-00-00 00:00:00',	0,	'',	0,	6,	113,	116,	'0000-00-00 00:00:00',	'0000-00-00 00:00:00',	'0000-00-00 00:00:00',	0,	'',	''),
(23,	11,	'A',	'0000-00-00 00:00:00',	0,	'',	0,	6,	162,	93,	'0000-00-00 00:00:00',	'0000-00-00 00:00:00',	'0000-00-00 00:00:00',	0,	'',	''),
(24,	11,	'A',	'0000-00-00 00:00:00',	0,	'',	0,	6,	162,	116,	'0000-00-00 00:00:00',	'0000-00-00 00:00:00',	'0000-00-00 00:00:00',	0,	'',	''),
(25,	11,	'A',	'0000-00-00 00:00:00',	0,	'',	0,	7,	200,	93,	'0000-00-00 00:00:00',	'0000-00-00 00:00:00',	'0000-00-00 00:00:00',	0,	'',	''),
(26,	11,	'A',	'0000-00-00 00:00:00',	0,	'',	0,	7,	200,	116,	'0000-00-00 00:00:00',	'0000-00-00 00:00:00',	'0000-00-00 00:00:00',	0,	'',	''),
(27,	11,	'A',	'0000-00-00 00:00:00',	0,	'',	1,	7,	249,	93,	'2013-01-18 01:41:21',	'2013-01-18 01:41:21',	'2013-01-20 01:33:52',	1,	'',	''),
(28,	11,	'A',	'0000-00-00 00:00:00',	0,	'',	1,	7,	249,	116,	'2013-01-18 01:41:21',	'2013-01-22 01:41:21',	'2013-01-20 01:33:52',	1,	'',	''),
(29,	11,	'A',	'0000-00-00 00:00:00',	0,	'',	0,	8,	287,	93,	'0000-00-00 00:00:00',	'0000-00-00 00:00:00',	'0000-00-00 00:00:00',	0,	'',	''),
(30,	11,	'A',	'0000-00-00 00:00:00',	0,	'',	0,	8,	287,	116,	'0000-00-00 00:00:00',	'0000-00-00 00:00:00',	'0000-00-00 00:00:00',	0,	'',	''),
(31,	11,	'A',	'0000-00-00 00:00:00',	0,	'',	0,	8,	336,	93,	'0000-00-00 00:00:00',	'0000-00-00 00:00:00',	'0000-00-00 00:00:00',	0,	'',	''),
(32,	11,	'A',	'0000-00-00 00:00:00',	0,	'',	0,	8,	336,	116,	'0000-00-00 00:00:00',	'0000-00-00 00:00:00',	'0000-00-00 00:00:00',	0,	'',	''),
(33,	11,	'A',	'0000-00-00 00:00:00',	0,	'',	0,	9,	26,	153,	'0000-00-00 00:00:00',	'0000-00-00 00:00:00',	'0000-00-00 00:00:00',	0,	'',	''),
(34,	11,	'A',	'0000-00-00 00:00:00',	0,	'',	0,	9,	26,	176,	'0000-00-00 00:00:00',	'0000-00-00 00:00:00',	'0000-00-00 00:00:00',	0,	'',	''),
(35,	11,	'A',	'0000-00-00 00:00:00',	0,	'',	0,	9,	75,	153,	'0000-00-00 00:00:00',	'0000-00-00 00:00:00',	'0000-00-00 00:00:00',	0,	'',	''),
(36,	11,	'A',	'0000-00-00 00:00:00',	0,	'',	0,	9,	75,	176,	'0000-00-00 00:00:00',	'0000-00-00 00:00:00',	'0000-00-00 00:00:00',	0,	'',	''),
(37,	11,	'A',	'0000-00-00 00:00:00',	0,	'',	0,	10,	113,	153,	'0000-00-00 00:00:00',	'0000-00-00 00:00:00',	'0000-00-00 00:00:00',	0,	'',	''),
(38,	11,	'A',	'0000-00-00 00:00:00',	0,	'',	0,	10,	113,	176,	'0000-00-00 00:00:00',	'0000-00-00 00:00:00',	'0000-00-00 00:00:00',	0,	'',	''),
(39,	11,	'A',	'0000-00-00 00:00:00',	0,	'',	0,	10,	162,	153,	'0000-00-00 00:00:00',	'0000-00-00 00:00:00',	'0000-00-00 00:00:00',	0,	'',	''),
(40,	11,	'A',	'0000-00-00 00:00:00',	0,	'',	0,	10,	162,	176,	'0000-00-00 00:00:00',	'0000-00-00 00:00:00',	'0000-00-00 00:00:00',	0,	'',	''),
(41,	11,	'A',	'0000-00-00 00:00:00',	0,	'',	0,	11,	200,	153,	'0000-00-00 00:00:00',	'0000-00-00 00:00:00',	'0000-00-00 00:00:00',	0,	'',	''),
(42,	11,	'A',	'0000-00-00 00:00:00',	0,	'',	0,	11,	200,	176,	'0000-00-00 00:00:00',	'0000-00-00 00:00:00',	'0000-00-00 00:00:00',	0,	'',	''),
(43,	11,	'A',	'0000-00-00 00:00:00',	0,	'',	0,	11,	249,	153,	'0000-00-00 00:00:00',	'0000-00-00 00:00:00',	'0000-00-00 00:00:00',	0,	'',	''),
(44,	11,	'A',	'0000-00-00 00:00:00',	0,	'',	0,	11,	249,	176,	'0000-00-00 00:00:00',	'0000-00-00 00:00:00',	'0000-00-00 00:00:00',	0,	'',	''),
(45,	11,	'A',	'0000-00-00 00:00:00',	0,	'',	0,	12,	287,	153,	'0000-00-00 00:00:00',	'0000-00-00 00:00:00',	'0000-00-00 00:00:00',	0,	'',	''),
(46,	11,	'A',	'0000-00-00 00:00:00',	0,	'',	0,	12,	287,	176,	'0000-00-00 00:00:00',	'0000-00-00 00:00:00',	'0000-00-00 00:00:00',	0,	'',	''),
(47,	11,	'A',	'0000-00-00 00:00:00',	0,	'',	0,	12,	336,	153,	'0000-00-00 00:00:00',	'0000-00-00 00:00:00',	'0000-00-00 00:00:00',	0,	'',	''),
(48,	11,	'A',	'0000-00-00 00:00:00',	0,	'',	0,	12,	336,	176,	'0000-00-00 00:00:00',	'0000-00-00 00:00:00',	'0000-00-00 00:00:00',	0,	'',	''),
(1,	11,	'A',	'0000-00-00 00:00:00',	0,	'',	0,	1,	26,	33,	'0000-00-00 00:00:00',	'0000-00-00 00:00:00',	'0000-00-00 00:00:00',	0,	'',	''),
(2,	11,	'A',	'0000-00-00 00:00:00',	0,	'',	0,	1,	26,	56,	'0000-00-00 00:00:00',	'0000-00-00 00:00:00',	'0000-00-00 00:00:00',	0,	'',	''),
(3,	11,	'A',	'0000-00-00 00:00:00',	0,	'',	0,	1,	75,	33,	'0000-00-00 00:00:00',	'0000-00-00 00:00:00',	'0000-00-00 00:00:00',	0,	'',	''),
(4,	11,	'A',	'0000-00-00 00:00:00',	0,	'',	0,	1,	75,	56,	'0000-00-00 00:00:00',	'0000-00-00 00:00:00',	'0000-00-00 00:00:00',	0,	'',	''),
(5,	11,	'A',	'0000-00-00 00:00:00',	0,	'',	0,	2,	113,	33,	'0000-00-00 00:00:00',	'0000-00-00 00:00:00',	'0000-00-00 00:00:00',	0,	'',	''),
(6,	11,	'A',	'0000-00-00 00:00:00',	0,	'',	0,	2,	113,	56,	'0000-00-00 00:00:00',	'0000-00-00 00:00:00',	'0000-00-00 00:00:00',	0,	'',	''),
(7,	11,	'A',	'0000-00-00 00:00:00',	0,	'',	0,	2,	162,	33,	'0000-00-00 00:00:00',	'0000-00-00 00:00:00',	'0000-00-00 00:00:00',	0,	'',	''),
(8,	11,	'A',	'0000-00-00 00:00:00',	0,	'',	0,	2,	162,	56,	'0000-00-00 00:00:00',	'0000-00-00 00:00:00',	'0000-00-00 00:00:00',	0,	'',	''),
(9,	11,	'A',	'0000-00-00 00:00:00',	0,	'',	0,	3,	200,	33,	'0000-00-00 00:00:00',	'0000-00-00 00:00:00',	'0000-00-00 00:00:00',	0,	'',	''),
(10,	11,	'A',	'0000-00-00 00:00:00',	0,	'',	0,	3,	200,	56,	'0000-00-00 00:00:00',	'0000-00-00 00:00:00',	'0000-00-00 00:00:00',	0,	'',	''),
(11,	11,	'A',	'0000-00-00 00:00:00',	0,	'',	0,	3,	249,	33,	'0000-00-00 00:00:00',	'0000-00-00 00:00:00',	'0000-00-00 00:00:00',	0,	'',	''),
(12,	11,	'A',	'0000-00-00 00:00:00',	0,	'',	0,	3,	249,	56,	'0000-00-00 00:00:00',	'0000-00-00 00:00:00',	'0000-00-00 00:00:00',	0,	'',	''),
(13,	11,	'A',	'0000-00-00 00:00:00',	0,	'',	0,	4,	287,	33,	'0000-00-00 00:00:00',	'0000-00-00 00:00:00',	'0000-00-00 00:00:00',	0,	'',	''),
(14,	11,	'A',	'0000-00-00 00:00:00',	0,	'',	0,	4,	287,	56,	'0000-00-00 00:00:00',	'0000-00-00 00:00:00',	'0000-00-00 00:00:00',	0,	'',	''),
(15,	11,	'A',	'0000-00-00 00:00:00',	0,	'',	0,	4,	336,	33,	'0000-00-00 00:00:00',	'0000-00-00 00:00:00',	'0000-00-00 00:00:00',	0,	'',	''),
(16,	11,	'A',	'0000-00-00 00:00:00',	0,	'',	0,	4,	336,	56,	'0000-00-00 00:00:00',	'0000-00-00 00:00:00',	'0000-00-00 00:00:00',	0,	'',	''),
(200,	12,	'A',	'0000-00-00 00:00:00',	0,	'',	0,	0,	485,	235,	'0000-00-00 00:00:00',	'0000-00-00 00:00:00',	'0000-00-00 00:00:00',	0,	'',	''),
(199,	12,	'A',	'0000-00-00 00:00:00',	0,	'',	0,	0,	460,	235,	'0000-00-00 00:00:00',	'0000-00-00 00:00:00',	'0000-00-00 00:00:00',	0,	'',	''),
(198,	12,	'A',	'0000-00-00 00:00:00',	0,	'',	0,	0,	435,	235,	'0000-00-00 00:00:00',	'0000-00-00 00:00:00',	'0000-00-00 00:00:00',	0,	'',	''),
(197,	12,	'A',	'0000-00-00 00:00:00',	0,	'',	0,	0,	410,	235,	'0000-00-00 00:00:00',	'0000-00-00 00:00:00',	'0000-00-00 00:00:00',	0,	'',	''),
(196,	12,	'A',	'0000-00-00 00:00:00',	0,	'',	0,	0,	385,	235,	'0000-00-00 00:00:00',	'0000-00-00 00:00:00',	'0000-00-00 00:00:00',	0,	'',	''),
(195,	12,	'A',	'0000-00-00 00:00:00',	0,	'',	0,	0,	360,	235,	'0000-00-00 00:00:00',	'0000-00-00 00:00:00',	'0000-00-00 00:00:00',	0,	'',	''),
(194,	12,	'A',	'0000-00-00 00:00:00',	0,	'',	0,	0,	335,	235,	'0000-00-00 00:00:00',	'0000-00-00 00:00:00',	'0000-00-00 00:00:00',	0,	'',	''),
(193,	12,	'A',	'0000-00-00 00:00:00',	0,	'',	0,	0,	310,	235,	'0000-00-00 00:00:00',	'0000-00-00 00:00:00',	'0000-00-00 00:00:00',	0,	'',	''),
(192,	12,	'A',	'0000-00-00 00:00:00',	0,	'',	0,	0,	285,	235,	'0000-00-00 00:00:00',	'0000-00-00 00:00:00',	'0000-00-00 00:00:00',	0,	'',	''),
(191,	12,	'A',	'0000-00-00 00:00:00',	0,	'',	0,	0,	260,	235,	'0000-00-00 00:00:00',	'0000-00-00 00:00:00',	'0000-00-00 00:00:00',	0,	'',	''),
(190,	12,	'A',	'0000-00-00 00:00:00',	0,	'',	0,	0,	235,	235,	'0000-00-00 00:00:00',	'0000-00-00 00:00:00',	'0000-00-00 00:00:00',	0,	'',	''),
(189,	12,	'A',	'0000-00-00 00:00:00',	0,	'',	0,	0,	210,	235,	'0000-00-00 00:00:00',	'0000-00-00 00:00:00',	'0000-00-00 00:00:00',	0,	'',	''),
(188,	12,	'A',	'0000-00-00 00:00:00',	0,	'',	0,	0,	185,	235,	'0000-00-00 00:00:00',	'0000-00-00 00:00:00',	'0000-00-00 00:00:00',	0,	'',	''),
(187,	12,	'A',	'0000-00-00 00:00:00',	0,	'',	0,	0,	160,	235,	'0000-00-00 00:00:00',	'0000-00-00 00:00:00',	'0000-00-00 00:00:00',	0,	'',	''),
(186,	12,	'A',	'0000-00-00 00:00:00',	0,	'',	0,	0,	135,	235,	'0000-00-00 00:00:00',	'0000-00-00 00:00:00',	'0000-00-00 00:00:00',	0,	'',	''),
(185,	12,	'A',	'0000-00-00 00:00:00',	0,	'',	0,	0,	110,	235,	'0000-00-00 00:00:00',	'0000-00-00 00:00:00',	'0000-00-00 00:00:00',	0,	'',	''),
(184,	12,	'A',	'0000-00-00 00:00:00',	0,	'',	0,	0,	85,	235,	'0000-00-00 00:00:00',	'0000-00-00 00:00:00',	'0000-00-00 00:00:00',	0,	'',	''),
(183,	12,	'A',	'0000-00-00 00:00:00',	0,	'',	0,	0,	60,	235,	'0000-00-00 00:00:00',	'0000-00-00 00:00:00',	'0000-00-00 00:00:00',	0,	'',	''),
(182,	12,	'A',	'0000-00-00 00:00:00',	0,	'',	0,	0,	35,	235,	'0000-00-00 00:00:00',	'0000-00-00 00:00:00',	'0000-00-00 00:00:00',	0,	'',	''),
(181,	12,	'A',	'0000-00-00 00:00:00',	0,	'',	0,	0,	10,	235,	'0000-00-00 00:00:00',	'0000-00-00 00:00:00',	'0000-00-00 00:00:00',	0,	'',	''),
(180,	12,	'A',	'0000-00-00 00:00:00',	0,	'',	0,	0,	485,	210,	'0000-00-00 00:00:00',	'0000-00-00 00:00:00',	'0000-00-00 00:00:00',	0,	'',	''),
(179,	12,	'A',	'0000-00-00 00:00:00',	0,	'',	0,	0,	460,	210,	'0000-00-00 00:00:00',	'0000-00-00 00:00:00',	'0000-00-00 00:00:00',	0,	'',	''),
(178,	12,	'A',	'0000-00-00 00:00:00',	0,	'',	0,	0,	435,	210,	'0000-00-00 00:00:00',	'0000-00-00 00:00:00',	'0000-00-00 00:00:00',	0,	'',	''),
(177,	12,	'A',	'0000-00-00 00:00:00',	0,	'',	0,	0,	410,	210,	'0000-00-00 00:00:00',	'0000-00-00 00:00:00',	'0000-00-00 00:00:00',	0,	'',	''),
(176,	12,	'A',	'0000-00-00 00:00:00',	0,	'',	0,	0,	385,	210,	'0000-00-00 00:00:00',	'0000-00-00 00:00:00',	'0000-00-00 00:00:00',	0,	'',	''),
(175,	12,	'A',	'0000-00-00 00:00:00',	0,	'',	0,	0,	360,	210,	'0000-00-00 00:00:00',	'0000-00-00 00:00:00',	'0000-00-00 00:00:00',	0,	'',	''),
(174,	12,	'A',	'0000-00-00 00:00:00',	0,	'',	0,	0,	335,	210,	'0000-00-00 00:00:00',	'0000-00-00 00:00:00',	'0000-00-00 00:00:00',	0,	'',	''),
(173,	12,	'A',	'0000-00-00 00:00:00',	0,	'',	0,	0,	310,	210,	'0000-00-00 00:00:00',	'0000-00-00 00:00:00',	'0000-00-00 00:00:00',	0,	'',	''),
(172,	12,	'A',	'0000-00-00 00:00:00',	0,	'',	0,	0,	285,	210,	'0000-00-00 00:00:00',	'0000-00-00 00:00:00',	'0000-00-00 00:00:00',	0,	'',	''),
(171,	12,	'A',	'0000-00-00 00:00:00',	0,	'',	0,	0,	260,	210,	'0000-00-00 00:00:00',	'0000-00-00 00:00:00',	'0000-00-00 00:00:00',	0,	'',	''),
(170,	12,	'A',	'0000-00-00 00:00:00',	0,	'',	0,	0,	235,	210,	'0000-00-00 00:00:00',	'0000-00-00 00:00:00',	'0000-00-00 00:00:00',	0,	'',	''),
(169,	12,	'A',	'0000-00-00 00:00:00',	0,	'',	0,	0,	210,	210,	'0000-00-00 00:00:00',	'0000-00-00 00:00:00',	'0000-00-00 00:00:00',	0,	'',	''),
(168,	12,	'A',	'0000-00-00 00:00:00',	0,	'',	0,	0,	185,	210,	'0000-00-00 00:00:00',	'0000-00-00 00:00:00',	'0000-00-00 00:00:00',	0,	'',	''),
(167,	12,	'A',	'0000-00-00 00:00:00',	0,	'',	0,	0,	160,	210,	'0000-00-00 00:00:00',	'0000-00-00 00:00:00',	'0000-00-00 00:00:00',	0,	'',	''),
(166,	12,	'A',	'0000-00-00 00:00:00',	0,	'',	0,	0,	135,	210,	'0000-00-00 00:00:00',	'0000-00-00 00:00:00',	'0000-00-00 00:00:00',	0,	'',	''),
(165,	12,	'A',	'0000-00-00 00:00:00',	0,	'',	0,	0,	110,	210,	'0000-00-00 00:00:00',	'0000-00-00 00:00:00',	'0000-00-00 00:00:00',	0,	'',	''),
(164,	12,	'A',	'0000-00-00 00:00:00',	0,	'',	0,	0,	85,	210,	'0000-00-00 00:00:00',	'0000-00-00 00:00:00',	'0000-00-00 00:00:00',	0,	'',	''),
(163,	12,	'A',	'0000-00-00 00:00:00',	0,	'',	0,	0,	60,	210,	'0000-00-00 00:00:00',	'0000-00-00 00:00:00',	'0000-00-00 00:00:00',	0,	'',	''),
(162,	12,	'A',	'0000-00-00 00:00:00',	0,	'',	0,	0,	35,	210,	'0000-00-00 00:00:00',	'0000-00-00 00:00:00',	'0000-00-00 00:00:00',	0,	'',	''),
(161,	12,	'A',	'0000-00-00 00:00:00',	0,	'',	0,	0,	10,	210,	'0000-00-00 00:00:00',	'0000-00-00 00:00:00',	'0000-00-00 00:00:00',	0,	'',	''),
(160,	12,	'A',	'0000-00-00 00:00:00',	0,	'',	0,	0,	485,	185,	'0000-00-00 00:00:00',	'0000-00-00 00:00:00',	'0000-00-00 00:00:00',	0,	'',	''),
(159,	12,	'A',	'0000-00-00 00:00:00',	0,	'',	0,	0,	460,	185,	'0000-00-00 00:00:00',	'0000-00-00 00:00:00',	'0000-00-00 00:00:00',	0,	'',	''),
(158,	12,	'A',	'0000-00-00 00:00:00',	0,	'',	0,	0,	435,	185,	'0000-00-00 00:00:00',	'0000-00-00 00:00:00',	'0000-00-00 00:00:00',	0,	'',	''),
(157,	12,	'A',	'0000-00-00 00:00:00',	0,	'',	0,	0,	410,	185,	'0000-00-00 00:00:00',	'0000-00-00 00:00:00',	'0000-00-00 00:00:00',	0,	'',	''),
(156,	12,	'A',	'0000-00-00 00:00:00',	0,	'',	0,	0,	385,	185,	'0000-00-00 00:00:00',	'0000-00-00 00:00:00',	'0000-00-00 00:00:00',	0,	'',	''),
(155,	12,	'A',	'0000-00-00 00:00:00',	0,	'',	0,	0,	360,	185,	'0000-00-00 00:00:00',	'0000-00-00 00:00:00',	'0000-00-00 00:00:00',	0,	'',	''),
(154,	12,	'A',	'0000-00-00 00:00:00',	0,	'',	0,	0,	335,	185,	'0000-00-00 00:00:00',	'0000-00-00 00:00:00',	'0000-00-00 00:00:00',	0,	'',	''),
(153,	12,	'A',	'0000-00-00 00:00:00',	0,	'',	0,	0,	310,	185,	'0000-00-00 00:00:00',	'0000-00-00 00:00:00',	'0000-00-00 00:00:00',	0,	'',	''),
(152,	12,	'A',	'0000-00-00 00:00:00',	0,	'',	0,	0,	285,	185,	'0000-00-00 00:00:00',	'0000-00-00 00:00:00',	'0000-00-00 00:00:00',	0,	'',	''),
(151,	12,	'A',	'0000-00-00 00:00:00',	0,	'',	0,	0,	260,	185,	'0000-00-00 00:00:00',	'0000-00-00 00:00:00',	'0000-00-00 00:00:00',	0,	'',	''),
(150,	12,	'A',	'0000-00-00 00:00:00',	0,	'',	0,	0,	235,	185,	'0000-00-00 00:00:00',	'0000-00-00 00:00:00',	'0000-00-00 00:00:00',	0,	'',	''),
(149,	12,	'A',	'0000-00-00 00:00:00',	0,	'',	0,	0,	210,	185,	'0000-00-00 00:00:00',	'0000-00-00 00:00:00',	'0000-00-00 00:00:00',	0,	'',	''),
(148,	12,	'A',	'0000-00-00 00:00:00',	0,	'',	0,	0,	185,	185,	'0000-00-00 00:00:00',	'0000-00-00 00:00:00',	'0000-00-00 00:00:00',	0,	'',	''),
(147,	12,	'A',	'0000-00-00 00:00:00',	0,	'',	0,	0,	160,	185,	'0000-00-00 00:00:00',	'0000-00-00 00:00:00',	'0000-00-00 00:00:00',	0,	'',	''),
(146,	12,	'A',	'0000-00-00 00:00:00',	0,	'',	0,	0,	135,	185,	'0000-00-00 00:00:00',	'0000-00-00 00:00:00',	'0000-00-00 00:00:00',	0,	'',	''),
(145,	12,	'A',	'0000-00-00 00:00:00',	0,	'',	0,	0,	110,	185,	'0000-00-00 00:00:00',	'0000-00-00 00:00:00',	'0000-00-00 00:00:00',	0,	'',	''),
(144,	12,	'A',	'0000-00-00 00:00:00',	0,	'',	0,	0,	85,	185,	'0000-00-00 00:00:00',	'0000-00-00 00:00:00',	'0000-00-00 00:00:00',	0,	'',	''),
(143,	12,	'A',	'0000-00-00 00:00:00',	0,	'',	0,	0,	60,	185,	'0000-00-00 00:00:00',	'0000-00-00 00:00:00',	'0000-00-00 00:00:00',	0,	'',	''),
(142,	12,	'A',	'0000-00-00 00:00:00',	0,	'',	0,	0,	35,	185,	'0000-00-00 00:00:00',	'0000-00-00 00:00:00',	'0000-00-00 00:00:00',	0,	'',	''),
(141,	12,	'A',	'0000-00-00 00:00:00',	0,	'',	0,	0,	10,	185,	'0000-00-00 00:00:00',	'0000-00-00 00:00:00',	'0000-00-00 00:00:00',	0,	'',	''),
(140,	12,	'A',	'0000-00-00 00:00:00',	0,	'',	0,	0,	485,	160,	'0000-00-00 00:00:00',	'0000-00-00 00:00:00',	'0000-00-00 00:00:00',	0,	'',	''),
(139,	12,	'A',	'0000-00-00 00:00:00',	0,	'',	0,	0,	460,	160,	'0000-00-00 00:00:00',	'0000-00-00 00:00:00',	'0000-00-00 00:00:00',	0,	'',	''),
(138,	12,	'A',	'0000-00-00 00:00:00',	0,	'',	0,	0,	435,	160,	'0000-00-00 00:00:00',	'0000-00-00 00:00:00',	'0000-00-00 00:00:00',	0,	'',	''),
(137,	12,	'A',	'0000-00-00 00:00:00',	0,	'',	0,	0,	410,	160,	'0000-00-00 00:00:00',	'0000-00-00 00:00:00',	'0000-00-00 00:00:00',	0,	'',	''),
(136,	12,	'A',	'0000-00-00 00:00:00',	0,	'',	0,	0,	385,	160,	'0000-00-00 00:00:00',	'0000-00-00 00:00:00',	'0000-00-00 00:00:00',	0,	'',	''),
(135,	12,	'A',	'0000-00-00 00:00:00',	0,	'',	0,	0,	360,	160,	'0000-00-00 00:00:00',	'0000-00-00 00:00:00',	'0000-00-00 00:00:00',	0,	'',	''),
(134,	12,	'A',	'0000-00-00 00:00:00',	0,	'',	0,	0,	335,	160,	'0000-00-00 00:00:00',	'0000-00-00 00:00:00',	'0000-00-00 00:00:00',	0,	'',	''),
(133,	12,	'A',	'0000-00-00 00:00:00',	0,	'',	0,	0,	310,	160,	'0000-00-00 00:00:00',	'0000-00-00 00:00:00',	'0000-00-00 00:00:00',	0,	'',	''),
(132,	12,	'A',	'0000-00-00 00:00:00',	0,	'',	0,	0,	285,	160,	'0000-00-00 00:00:00',	'0000-00-00 00:00:00',	'0000-00-00 00:00:00',	0,	'',	''),
(131,	12,	'A',	'0000-00-00 00:00:00',	0,	'',	0,	0,	260,	160,	'0000-00-00 00:00:00',	'0000-00-00 00:00:00',	'0000-00-00 00:00:00',	0,	'',	''),
(130,	12,	'A',	'0000-00-00 00:00:00',	0,	'',	0,	0,	235,	160,	'0000-00-00 00:00:00',	'0000-00-00 00:00:00',	'0000-00-00 00:00:00',	0,	'',	''),
(129,	12,	'A',	'0000-00-00 00:00:00',	0,	'',	0,	0,	210,	160,	'0000-00-00 00:00:00',	'0000-00-00 00:00:00',	'0000-00-00 00:00:00',	0,	'',	''),
(128,	12,	'A',	'0000-00-00 00:00:00',	0,	'',	0,	0,	185,	160,	'0000-00-00 00:00:00',	'0000-00-00 00:00:00',	'0000-00-00 00:00:00',	0,	'',	''),
(127,	12,	'A',	'0000-00-00 00:00:00',	0,	'',	0,	0,	160,	160,	'0000-00-00 00:00:00',	'0000-00-00 00:00:00',	'0000-00-00 00:00:00',	0,	'',	''),
(126,	12,	'A',	'0000-00-00 00:00:00',	0,	'',	0,	0,	135,	160,	'0000-00-00 00:00:00',	'0000-00-00 00:00:00',	'0000-00-00 00:00:00',	0,	'',	''),
(125,	12,	'A',	'0000-00-00 00:00:00',	0,	'',	0,	0,	110,	160,	'0000-00-00 00:00:00',	'0000-00-00 00:00:00',	'0000-00-00 00:00:00',	0,	'',	''),
(124,	12,	'A',	'0000-00-00 00:00:00',	0,	'',	0,	0,	85,	160,	'0000-00-00 00:00:00',	'0000-00-00 00:00:00',	'0000-00-00 00:00:00',	0,	'',	''),
(123,	12,	'A',	'0000-00-00 00:00:00',	0,	'',	0,	0,	60,	160,	'0000-00-00 00:00:00',	'0000-00-00 00:00:00',	'0000-00-00 00:00:00',	0,	'',	''),
(122,	12,	'A',	'0000-00-00 00:00:00',	0,	'',	0,	0,	35,	160,	'0000-00-00 00:00:00',	'0000-00-00 00:00:00',	'0000-00-00 00:00:00',	0,	'',	''),
(121,	12,	'A',	'0000-00-00 00:00:00',	0,	'',	0,	0,	10,	160,	'0000-00-00 00:00:00',	'0000-00-00 00:00:00',	'0000-00-00 00:00:00',	0,	'',	''),
(120,	12,	'A',	'0000-00-00 00:00:00',	0,	'',	0,	0,	485,	135,	'0000-00-00 00:00:00',	'0000-00-00 00:00:00',	'0000-00-00 00:00:00',	0,	'',	''),
(119,	12,	'A',	'0000-00-00 00:00:00',	0,	'',	0,	0,	460,	135,	'0000-00-00 00:00:00',	'0000-00-00 00:00:00',	'0000-00-00 00:00:00',	0,	'',	''),
(118,	12,	'A',	'0000-00-00 00:00:00',	0,	'',	0,	0,	435,	135,	'0000-00-00 00:00:00',	'0000-00-00 00:00:00',	'0000-00-00 00:00:00',	0,	'',	''),
(117,	12,	'A',	'0000-00-00 00:00:00',	0,	'',	0,	0,	410,	135,	'0000-00-00 00:00:00',	'0000-00-00 00:00:00',	'0000-00-00 00:00:00',	0,	'',	''),
(116,	12,	'A',	'0000-00-00 00:00:00',	0,	'',	0,	0,	385,	135,	'0000-00-00 00:00:00',	'0000-00-00 00:00:00',	'0000-00-00 00:00:00',	0,	'',	''),
(115,	12,	'A',	'0000-00-00 00:00:00',	0,	'',	0,	0,	360,	135,	'0000-00-00 00:00:00',	'0000-00-00 00:00:00',	'0000-00-00 00:00:00',	0,	'',	''),
(114,	12,	'A',	'0000-00-00 00:00:00',	0,	'',	0,	0,	335,	135,	'0000-00-00 00:00:00',	'0000-00-00 00:00:00',	'0000-00-00 00:00:00',	0,	'',	''),
(113,	12,	'A',	'0000-00-00 00:00:00',	0,	'',	0,	0,	310,	135,	'0000-00-00 00:00:00',	'0000-00-00 00:00:00',	'0000-00-00 00:00:00',	0,	'',	''),
(112,	12,	'A',	'0000-00-00 00:00:00',	0,	'',	0,	0,	285,	135,	'0000-00-00 00:00:00',	'0000-00-00 00:00:00',	'0000-00-00 00:00:00',	0,	'',	''),
(111,	12,	'A',	'0000-00-00 00:00:00',	0,	'',	0,	0,	260,	135,	'0000-00-00 00:00:00',	'0000-00-00 00:00:00',	'0000-00-00 00:00:00',	0,	'',	''),
(110,	12,	'A',	'2013-01-17 20:52:31',	2,	'',	1,	0,	235,	135,	'2013-01-17 20:48:45',	'2013-01-21 23:00:00',	'2013-01-20 01:33:52',	1,	'',	''),
(109,	12,	'A',	'2013-01-17 20:52:31',	2,	'',	1,	0,	210,	135,	'2013-01-17 20:48:45',	'2013-01-21 23:00:00',	'2013-01-20 01:33:52',	1,	'',	''),
(108,	12,	'A',	'0000-00-00 00:00:00',	0,	'',	0,	0,	185,	135,	'0000-00-00 00:00:00',	'0000-00-00 00:00:00',	'0000-00-00 00:00:00',	0,	'',	''),
(107,	12,	'A',	'0000-00-00 00:00:00',	0,	'',	0,	0,	160,	135,	'0000-00-00 00:00:00',	'0000-00-00 00:00:00',	'0000-00-00 00:00:00',	0,	'',	''),
(106,	12,	'A',	'0000-00-00 00:00:00',	0,	'',	0,	0,	135,	135,	'0000-00-00 00:00:00',	'0000-00-00 00:00:00',	'0000-00-00 00:00:00',	0,	'',	''),
(105,	12,	'A',	'0000-00-00 00:00:00',	0,	'',	0,	0,	110,	135,	'0000-00-00 00:00:00',	'0000-00-00 00:00:00',	'0000-00-00 00:00:00',	0,	'',	''),
(104,	12,	'A',	'0000-00-00 00:00:00',	0,	'',	0,	0,	85,	135,	'0000-00-00 00:00:00',	'0000-00-00 00:00:00',	'0000-00-00 00:00:00',	0,	'',	''),
(103,	12,	'A',	'0000-00-00 00:00:00',	0,	'',	0,	0,	60,	135,	'0000-00-00 00:00:00',	'0000-00-00 00:00:00',	'0000-00-00 00:00:00',	0,	'',	''),
(102,	12,	'A',	'0000-00-00 00:00:00',	0,	'',	0,	0,	35,	135,	'0000-00-00 00:00:00',	'0000-00-00 00:00:00',	'0000-00-00 00:00:00',	0,	'',	''),
(101,	12,	'A',	'0000-00-00 00:00:00',	0,	'',	0,	0,	10,	135,	'0000-00-00 00:00:00',	'0000-00-00 00:00:00',	'0000-00-00 00:00:00',	0,	'',	''),
(100,	12,	'A',	'0000-00-00 00:00:00',	0,	'',	0,	0,	485,	110,	'0000-00-00 00:00:00',	'0000-00-00 00:00:00',	'0000-00-00 00:00:00',	0,	'',	''),
(99,	12,	'A',	'0000-00-00 00:00:00',	0,	'',	0,	0,	460,	110,	'0000-00-00 00:00:00',	'0000-00-00 00:00:00',	'0000-00-00 00:00:00',	0,	'',	''),
(98,	12,	'A',	'0000-00-00 00:00:00',	0,	'',	0,	0,	435,	110,	'0000-00-00 00:00:00',	'0000-00-00 00:00:00',	'0000-00-00 00:00:00',	0,	'',	''),
(97,	12,	'A',	'0000-00-00 00:00:00',	0,	'',	0,	0,	410,	110,	'0000-00-00 00:00:00',	'0000-00-00 00:00:00',	'0000-00-00 00:00:00',	0,	'',	''),
(96,	12,	'A',	'0000-00-00 00:00:00',	0,	'',	0,	0,	385,	110,	'0000-00-00 00:00:00',	'0000-00-00 00:00:00',	'0000-00-00 00:00:00',	0,	'',	''),
(95,	12,	'A',	'0000-00-00 00:00:00',	0,	'',	0,	0,	360,	110,	'0000-00-00 00:00:00',	'0000-00-00 00:00:00',	'0000-00-00 00:00:00',	0,	'',	''),
(94,	12,	'A',	'0000-00-00 00:00:00',	0,	'',	0,	0,	335,	110,	'0000-00-00 00:00:00',	'0000-00-00 00:00:00',	'0000-00-00 00:00:00',	0,	'',	''),
(93,	12,	'A',	'0000-00-00 00:00:00',	0,	'',	0,	0,	310,	110,	'0000-00-00 00:00:00',	'0000-00-00 00:00:00',	'0000-00-00 00:00:00',	0,	'',	''),
(92,	12,	'A',	'0000-00-00 00:00:00',	0,	'',	0,	0,	285,	110,	'0000-00-00 00:00:00',	'0000-00-00 00:00:00',	'0000-00-00 00:00:00',	0,	'',	''),
(91,	12,	'A',	'0000-00-00 00:00:00',	0,	'',	0,	0,	260,	110,	'0000-00-00 00:00:00',	'0000-00-00 00:00:00',	'0000-00-00 00:00:00',	0,	'',	''),
(90,	12,	'A',	'0000-00-00 00:00:00',	0,	'',	0,	0,	235,	110,	'0000-00-00 00:00:00',	'0000-00-00 00:00:00',	'0000-00-00 00:00:00',	0,	'',	''),
(89,	12,	'A',	'0000-00-00 00:00:00',	0,	'',	0,	0,	210,	110,	'0000-00-00 00:00:00',	'0000-00-00 00:00:00',	'0000-00-00 00:00:00',	0,	'',	''),
(88,	12,	'A',	'0000-00-00 00:00:00',	0,	'',	0,	0,	185,	110,	'0000-00-00 00:00:00',	'0000-00-00 00:00:00',	'0000-00-00 00:00:00',	0,	'',	''),
(87,	12,	'A',	'0000-00-00 00:00:00',	0,	'',	0,	0,	160,	110,	'0000-00-00 00:00:00',	'0000-00-00 00:00:00',	'0000-00-00 00:00:00',	0,	'',	''),
(86,	12,	'A',	'0000-00-00 00:00:00',	0,	'',	0,	0,	135,	110,	'0000-00-00 00:00:00',	'0000-00-00 00:00:00',	'0000-00-00 00:00:00',	0,	'',	''),
(85,	12,	'A',	'0000-00-00 00:00:00',	0,	'',	0,	0,	110,	110,	'0000-00-00 00:00:00',	'0000-00-00 00:00:00',	'0000-00-00 00:00:00',	0,	'',	''),
(84,	12,	'A',	'0000-00-00 00:00:00',	0,	'',	0,	0,	85,	110,	'0000-00-00 00:00:00',	'0000-00-00 00:00:00',	'0000-00-00 00:00:00',	0,	'',	''),
(83,	12,	'A',	'0000-00-00 00:00:00',	0,	'',	0,	0,	60,	110,	'0000-00-00 00:00:00',	'0000-00-00 00:00:00',	'0000-00-00 00:00:00',	0,	'',	''),
(82,	12,	'A',	'0000-00-00 00:00:00',	0,	'',	0,	0,	35,	110,	'0000-00-00 00:00:00',	'0000-00-00 00:00:00',	'0000-00-00 00:00:00',	0,	'',	''),
(81,	12,	'A',	'0000-00-00 00:00:00',	0,	'',	0,	0,	10,	110,	'0000-00-00 00:00:00',	'0000-00-00 00:00:00',	'0000-00-00 00:00:00',	0,	'',	''),
(80,	12,	'A',	'0000-00-00 00:00:00',	0,	'',	0,	0,	485,	85,	'0000-00-00 00:00:00',	'0000-00-00 00:00:00',	'0000-00-00 00:00:00',	0,	'',	''),
(79,	12,	'A',	'0000-00-00 00:00:00',	0,	'',	0,	0,	460,	85,	'0000-00-00 00:00:00',	'0000-00-00 00:00:00',	'0000-00-00 00:00:00',	0,	'',	''),
(78,	12,	'A',	'0000-00-00 00:00:00',	0,	'',	0,	0,	435,	85,	'0000-00-00 00:00:00',	'0000-00-00 00:00:00',	'0000-00-00 00:00:00',	0,	'',	''),
(77,	12,	'A',	'0000-00-00 00:00:00',	0,	'',	0,	0,	410,	85,	'0000-00-00 00:00:00',	'0000-00-00 00:00:00',	'0000-00-00 00:00:00',	0,	'',	''),
(76,	12,	'A',	'0000-00-00 00:00:00',	0,	'',	0,	0,	385,	85,	'0000-00-00 00:00:00',	'0000-00-00 00:00:00',	'0000-00-00 00:00:00',	0,	'',	''),
(75,	12,	'A',	'0000-00-00 00:00:00',	0,	'',	0,	0,	360,	85,	'0000-00-00 00:00:00',	'0000-00-00 00:00:00',	'0000-00-00 00:00:00',	0,	'',	''),
(74,	12,	'A',	'0000-00-00 00:00:00',	0,	'',	0,	0,	335,	85,	'0000-00-00 00:00:00',	'0000-00-00 00:00:00',	'0000-00-00 00:00:00',	0,	'',	''),
(73,	12,	'A',	'0000-00-00 00:00:00',	0,	'',	0,	0,	310,	85,	'0000-00-00 00:00:00',	'0000-00-00 00:00:00',	'0000-00-00 00:00:00',	0,	'',	''),
(72,	12,	'A',	'0000-00-00 00:00:00',	0,	'',	0,	0,	285,	85,	'0000-00-00 00:00:00',	'0000-00-00 00:00:00',	'0000-00-00 00:00:00',	0,	'',	''),
(71,	12,	'A',	'0000-00-00 00:00:00',	0,	'',	0,	0,	260,	85,	'0000-00-00 00:00:00',	'0000-00-00 00:00:00',	'0000-00-00 00:00:00',	0,	'',	''),
(70,	12,	'A',	'0000-00-00 00:00:00',	0,	'',	0,	0,	235,	85,	'0000-00-00 00:00:00',	'0000-00-00 00:00:00',	'0000-00-00 00:00:00',	0,	'',	''),
(69,	12,	'A',	'0000-00-00 00:00:00',	0,	'',	0,	0,	210,	85,	'0000-00-00 00:00:00',	'0000-00-00 00:00:00',	'0000-00-00 00:00:00',	0,	'',	''),
(68,	12,	'A',	'0000-00-00 00:00:00',	0,	'',	0,	0,	185,	85,	'0000-00-00 00:00:00',	'0000-00-00 00:00:00',	'0000-00-00 00:00:00',	0,	'',	''),
(67,	12,	'A',	'0000-00-00 00:00:00',	0,	'',	0,	0,	160,	85,	'0000-00-00 00:00:00',	'0000-00-00 00:00:00',	'0000-00-00 00:00:00',	0,	'',	''),
(66,	12,	'A',	'0000-00-00 00:00:00',	0,	'',	0,	0,	135,	85,	'0000-00-00 00:00:00',	'0000-00-00 00:00:00',	'0000-00-00 00:00:00',	0,	'',	''),
(65,	12,	'A',	'0000-00-00 00:00:00',	0,	'',	0,	0,	110,	85,	'0000-00-00 00:00:00',	'0000-00-00 00:00:00',	'0000-00-00 00:00:00',	0,	'',	''),
(64,	12,	'A',	'0000-00-00 00:00:00',	0,	'',	0,	0,	85,	85,	'0000-00-00 00:00:00',	'0000-00-00 00:00:00',	'0000-00-00 00:00:00',	0,	'',	''),
(63,	12,	'A',	'0000-00-00 00:00:00',	0,	'',	0,	0,	60,	85,	'0000-00-00 00:00:00',	'0000-00-00 00:00:00',	'0000-00-00 00:00:00',	0,	'',	''),
(62,	12,	'A',	'0000-00-00 00:00:00',	0,	'',	0,	0,	35,	85,	'0000-00-00 00:00:00',	'0000-00-00 00:00:00',	'0000-00-00 00:00:00',	0,	'',	''),
(61,	12,	'A',	'0000-00-00 00:00:00',	0,	'',	0,	0,	10,	85,	'0000-00-00 00:00:00',	'0000-00-00 00:00:00',	'0000-00-00 00:00:00',	0,	'',	''),
(60,	12,	'A',	'0000-00-00 00:00:00',	0,	'',	0,	0,	485,	60,	'0000-00-00 00:00:00',	'0000-00-00 00:00:00',	'0000-00-00 00:00:00',	0,	'',	''),
(59,	12,	'A',	'0000-00-00 00:00:00',	0,	'',	0,	0,	460,	60,	'0000-00-00 00:00:00',	'0000-00-00 00:00:00',	'0000-00-00 00:00:00',	0,	'',	''),
(58,	12,	'A',	'0000-00-00 00:00:00',	0,	'',	0,	0,	435,	60,	'0000-00-00 00:00:00',	'0000-00-00 00:00:00',	'0000-00-00 00:00:00',	0,	'',	''),
(57,	12,	'A',	'0000-00-00 00:00:00',	0,	'',	0,	0,	410,	60,	'0000-00-00 00:00:00',	'0000-00-00 00:00:00',	'0000-00-00 00:00:00',	0,	'',	''),
(56,	12,	'A',	'0000-00-00 00:00:00',	0,	'',	0,	0,	385,	60,	'0000-00-00 00:00:00',	'0000-00-00 00:00:00',	'0000-00-00 00:00:00',	0,	'',	''),
(55,	12,	'A',	'0000-00-00 00:00:00',	0,	'',	0,	0,	360,	60,	'0000-00-00 00:00:00',	'0000-00-00 00:00:00',	'0000-00-00 00:00:00',	0,	'',	''),
(54,	12,	'A',	'0000-00-00 00:00:00',	0,	'',	0,	0,	335,	60,	'0000-00-00 00:00:00',	'0000-00-00 00:00:00',	'0000-00-00 00:00:00',	0,	'',	''),
(53,	12,	'A',	'0000-00-00 00:00:00',	0,	'',	0,	0,	310,	60,	'0000-00-00 00:00:00',	'0000-00-00 00:00:00',	'0000-00-00 00:00:00',	0,	'',	''),
(52,	12,	'A',	'0000-00-00 00:00:00',	0,	'',	0,	0,	285,	60,	'0000-00-00 00:00:00',	'0000-00-00 00:00:00',	'0000-00-00 00:00:00',	0,	'',	''),
(51,	12,	'A',	'0000-00-00 00:00:00',	0,	'',	0,	0,	260,	60,	'0000-00-00 00:00:00',	'0000-00-00 00:00:00',	'0000-00-00 00:00:00',	0,	'',	''),
(50,	12,	'A',	'0000-00-00 00:00:00',	0,	'',	0,	0,	235,	60,	'0000-00-00 00:00:00',	'0000-00-00 00:00:00',	'0000-00-00 00:00:00',	0,	'',	''),
(49,	12,	'A',	'0000-00-00 00:00:00',	0,	'',	0,	0,	210,	60,	'0000-00-00 00:00:00',	'0000-00-00 00:00:00',	'0000-00-00 00:00:00',	0,	'',	''),
(48,	12,	'A',	'0000-00-00 00:00:00',	0,	'',	0,	0,	185,	60,	'0000-00-00 00:00:00',	'0000-00-00 00:00:00',	'0000-00-00 00:00:00',	0,	'',	''),
(47,	12,	'A',	'0000-00-00 00:00:00',	0,	'',	0,	0,	160,	60,	'0000-00-00 00:00:00',	'0000-00-00 00:00:00',	'0000-00-00 00:00:00',	0,	'',	''),
(46,	12,	'A',	'0000-00-00 00:00:00',	0,	'',	0,	0,	135,	60,	'0000-00-00 00:00:00',	'0000-00-00 00:00:00',	'0000-00-00 00:00:00',	0,	'',	''),
(45,	12,	'A',	'0000-00-00 00:00:00',	0,	'',	0,	0,	110,	60,	'0000-00-00 00:00:00',	'0000-00-00 00:00:00',	'0000-00-00 00:00:00',	0,	'',	''),
(44,	12,	'A',	'0000-00-00 00:00:00',	0,	'',	0,	0,	85,	60,	'0000-00-00 00:00:00',	'0000-00-00 00:00:00',	'0000-00-00 00:00:00',	0,	'',	''),
(43,	12,	'A',	'0000-00-00 00:00:00',	0,	'',	0,	0,	60,	60,	'0000-00-00 00:00:00',	'0000-00-00 00:00:00',	'0000-00-00 00:00:00',	0,	'',	''),
(42,	12,	'A',	'0000-00-00 00:00:00',	0,	'',	0,	0,	35,	60,	'0000-00-00 00:00:00',	'0000-00-00 00:00:00',	'0000-00-00 00:00:00',	0,	'',	''),
(41,	12,	'A',	'0000-00-00 00:00:00',	0,	'',	0,	0,	10,	60,	'0000-00-00 00:00:00',	'0000-00-00 00:00:00',	'0000-00-00 00:00:00',	0,	'',	''),
(40,	12,	'A',	'0000-00-00 00:00:00',	0,	'',	0,	0,	485,	35,	'0000-00-00 00:00:00',	'0000-00-00 00:00:00',	'0000-00-00 00:00:00',	0,	'',	''),
(39,	12,	'A',	'0000-00-00 00:00:00',	0,	'',	0,	0,	460,	35,	'0000-00-00 00:00:00',	'0000-00-00 00:00:00',	'0000-00-00 00:00:00',	0,	'',	''),
(38,	12,	'A',	'0000-00-00 00:00:00',	0,	'',	0,	0,	435,	35,	'0000-00-00 00:00:00',	'0000-00-00 00:00:00',	'0000-00-00 00:00:00',	0,	'',	''),
(37,	12,	'A',	'0000-00-00 00:00:00',	0,	'',	0,	0,	410,	35,	'0000-00-00 00:00:00',	'0000-00-00 00:00:00',	'0000-00-00 00:00:00',	0,	'',	''),
(36,	12,	'A',	'0000-00-00 00:00:00',	0,	'',	0,	0,	385,	35,	'0000-00-00 00:00:00',	'0000-00-00 00:00:00',	'0000-00-00 00:00:00',	0,	'',	''),
(35,	12,	'A',	'0000-00-00 00:00:00',	0,	'',	0,	0,	360,	35,	'0000-00-00 00:00:00',	'0000-00-00 00:00:00',	'0000-00-00 00:00:00',	0,	'',	''),
(34,	12,	'A',	'0000-00-00 00:00:00',	0,	'',	0,	0,	335,	35,	'0000-00-00 00:00:00',	'0000-00-00 00:00:00',	'0000-00-00 00:00:00',	0,	'',	''),
(33,	12,	'A',	'0000-00-00 00:00:00',	0,	'',	0,	0,	310,	35,	'0000-00-00 00:00:00',	'0000-00-00 00:00:00',	'0000-00-00 00:00:00',	0,	'',	''),
(32,	12,	'A',	'0000-00-00 00:00:00',	0,	'',	0,	0,	285,	35,	'0000-00-00 00:00:00',	'0000-00-00 00:00:00',	'0000-00-00 00:00:00',	0,	'',	''),
(31,	12,	'A',	'0000-00-00 00:00:00',	0,	'',	0,	0,	260,	35,	'0000-00-00 00:00:00',	'0000-00-00 00:00:00',	'0000-00-00 00:00:00',	0,	'',	''),
(30,	12,	'A',	'0000-00-00 00:00:00',	0,	'',	0,	0,	235,	35,	'0000-00-00 00:00:00',	'0000-00-00 00:00:00',	'0000-00-00 00:00:00',	0,	'',	''),
(29,	12,	'A',	'0000-00-00 00:00:00',	0,	'',	0,	0,	210,	35,	'0000-00-00 00:00:00',	'0000-00-00 00:00:00',	'0000-00-00 00:00:00',	0,	'',	''),
(28,	12,	'A',	'0000-00-00 00:00:00',	0,	'',	0,	0,	185,	35,	'0000-00-00 00:00:00',	'0000-00-00 00:00:00',	'0000-00-00 00:00:00',	0,	'',	''),
(27,	12,	'A',	'0000-00-00 00:00:00',	0,	'',	0,	0,	160,	35,	'0000-00-00 00:00:00',	'0000-00-00 00:00:00',	'0000-00-00 00:00:00',	0,	'',	''),
(26,	12,	'A',	'0000-00-00 00:00:00',	0,	'',	0,	0,	135,	35,	'0000-00-00 00:00:00',	'0000-00-00 00:00:00',	'0000-00-00 00:00:00',	0,	'',	''),
(25,	12,	'A',	'0000-00-00 00:00:00',	0,	'',	0,	0,	110,	35,	'0000-00-00 00:00:00',	'0000-00-00 00:00:00',	'0000-00-00 00:00:00',	0,	'',	''),
(24,	12,	'A',	'0000-00-00 00:00:00',	0,	'',	0,	0,	85,	35,	'0000-00-00 00:00:00',	'0000-00-00 00:00:00',	'0000-00-00 00:00:00',	0,	'',	''),
(23,	12,	'A',	'0000-00-00 00:00:00',	0,	'',	0,	0,	60,	35,	'0000-00-00 00:00:00',	'0000-00-00 00:00:00',	'0000-00-00 00:00:00',	0,	'',	''),
(22,	12,	'A',	'0000-00-00 00:00:00',	0,	'',	0,	0,	35,	35,	'0000-00-00 00:00:00',	'0000-00-00 00:00:00',	'0000-00-00 00:00:00',	0,	'',	''),
(21,	12,	'A',	'0000-00-00 00:00:00',	0,	'',	0,	0,	10,	35,	'0000-00-00 00:00:00',	'0000-00-00 00:00:00',	'0000-00-00 00:00:00',	0,	'',	''),
(20,	12,	'A',	'0000-00-00 00:00:00',	0,	'',	0,	0,	485,	10,	'0000-00-00 00:00:00',	'0000-00-00 00:00:00',	'0000-00-00 00:00:00',	0,	'',	''),
(19,	12,	'A',	'0000-00-00 00:00:00',	0,	'',	0,	0,	460,	10,	'0000-00-00 00:00:00',	'0000-00-00 00:00:00',	'0000-00-00 00:00:00',	0,	'',	''),
(18,	12,	'A',	'0000-00-00 00:00:00',	0,	'',	0,	0,	435,	10,	'0000-00-00 00:00:00',	'0000-00-00 00:00:00',	'0000-00-00 00:00:00',	0,	'',	''),
(17,	12,	'A',	'0000-00-00 00:00:00',	0,	'',	0,	0,	410,	10,	'0000-00-00 00:00:00',	'0000-00-00 00:00:00',	'0000-00-00 00:00:00',	0,	'',	''),
(16,	12,	'A',	'0000-00-00 00:00:00',	0,	'',	0,	0,	385,	10,	'0000-00-00 00:00:00',	'0000-00-00 00:00:00',	'0000-00-00 00:00:00',	0,	'',	''),
(15,	12,	'A',	'0000-00-00 00:00:00',	0,	'',	0,	0,	360,	10,	'0000-00-00 00:00:00',	'0000-00-00 00:00:00',	'0000-00-00 00:00:00',	0,	'',	''),
(14,	12,	'A',	'0000-00-00 00:00:00',	0,	'',	0,	0,	335,	10,	'0000-00-00 00:00:00',	'0000-00-00 00:00:00',	'0000-00-00 00:00:00',	0,	'',	''),
(13,	12,	'A',	'0000-00-00 00:00:00',	0,	'',	0,	0,	310,	10,	'0000-00-00 00:00:00',	'0000-00-00 00:00:00',	'0000-00-00 00:00:00',	0,	'',	''),
(12,	12,	'A',	'0000-00-00 00:00:00',	0,	'',	0,	0,	285,	10,	'0000-00-00 00:00:00',	'0000-00-00 00:00:00',	'0000-00-00 00:00:00',	0,	'',	''),
(11,	12,	'A',	'0000-00-00 00:00:00',	0,	'',	0,	0,	260,	10,	'0000-00-00 00:00:00',	'0000-00-00 00:00:00',	'0000-00-00 00:00:00',	0,	'',	''),
(10,	12,	'A',	'0000-00-00 00:00:00',	0,	'',	0,	0,	235,	10,	'0000-00-00 00:00:00',	'0000-00-00 00:00:00',	'0000-00-00 00:00:00',	0,	'',	''),
(9,	12,	'A',	'0000-00-00 00:00:00',	0,	'',	0,	0,	210,	10,	'0000-00-00 00:00:00',	'0000-00-00 00:00:00',	'0000-00-00 00:00:00',	0,	'',	''),
(8,	12,	'A',	'0000-00-00 00:00:00',	0,	'',	0,	0,	185,	10,	'0000-00-00 00:00:00',	'0000-00-00 00:00:00',	'0000-00-00 00:00:00',	0,	'',	''),
(7,	12,	'A',	'0000-00-00 00:00:00',	0,	'',	0,	0,	160,	10,	'0000-00-00 00:00:00',	'0000-00-00 00:00:00',	'0000-00-00 00:00:00',	0,	'',	''),
(6,	12,	'A',	'0000-00-00 00:00:00',	0,	'',	0,	0,	135,	10,	'0000-00-00 00:00:00',	'0000-00-00 00:00:00',	'0000-00-00 00:00:00',	0,	'',	''),
(5,	12,	'A',	'0000-00-00 00:00:00',	0,	'',	0,	0,	110,	10,	'0000-00-00 00:00:00',	'0000-00-00 00:00:00',	'0000-00-00 00:00:00',	0,	'',	''),
(4,	12,	'A',	'0000-00-00 00:00:00',	0,	'',	0,	0,	85,	10,	'0000-00-00 00:00:00',	'0000-00-00 00:00:00',	'0000-00-00 00:00:00',	0,	'',	''),
(3,	12,	'A',	'0000-00-00 00:00:00',	0,	'',	0,	0,	60,	10,	'0000-00-00 00:00:00',	'0000-00-00 00:00:00',	'0000-00-00 00:00:00',	0,	'',	''),
(2,	12,	'A',	'0000-00-00 00:00:00',	0,	'',	2,	0,	35,	10,	'2013-01-22 09:35:07',	'2013-01-26 09:35:07',	'2013-01-20 01:33:52',	2,	'',	''),
(1,	12,	'A',	'0000-00-00 00:00:00',	0,	'',	2,	0,	10,	10,	'2013-01-22 09:35:07',	'2013-01-26 09:35:07',	'2013-01-20 01:33:52',	2,	'',	''),
(201,	12,	'A',	'0000-00-00 00:00:00',	0,	'',	0,	0,	10,	260,	'0000-00-00 00:00:00',	'0000-00-00 00:00:00',	'0000-00-00 00:00:00',	0,	'',	''),
(202,	12,	'A',	'0000-00-00 00:00:00',	0,	'',	0,	0,	35,	260,	'0000-00-00 00:00:00',	'0000-00-00 00:00:00',	'0000-00-00 00:00:00',	0,	'',	''),
(203,	12,	'A',	'0000-00-00 00:00:00',	0,	'',	0,	0,	60,	260,	'0000-00-00 00:00:00',	'0000-00-00 00:00:00',	'0000-00-00 00:00:00',	0,	'',	''),
(204,	12,	'A',	'0000-00-00 00:00:00',	0,	'',	0,	0,	85,	260,	'0000-00-00 00:00:00',	'0000-00-00 00:00:00',	'0000-00-00 00:00:00',	0,	'',	''),
(205,	12,	'A',	'0000-00-00 00:00:00',	0,	'',	0,	0,	110,	260,	'0000-00-00 00:00:00',	'0000-00-00 00:00:00',	'0000-00-00 00:00:00',	0,	'',	''),
(206,	12,	'A',	'0000-00-00 00:00:00',	0,	'',	0,	0,	135,	260,	'0000-00-00 00:00:00',	'0000-00-00 00:00:00',	'0000-00-00 00:00:00',	0,	'',	''),
(207,	12,	'A',	'0000-00-00 00:00:00',	0,	'',	0,	0,	160,	260,	'0000-00-00 00:00:00',	'0000-00-00 00:00:00',	'0000-00-00 00:00:00',	0,	'',	''),
(208,	12,	'A',	'0000-00-00 00:00:00',	0,	'',	0,	0,	185,	260,	'0000-00-00 00:00:00',	'0000-00-00 00:00:00',	'0000-00-00 00:00:00',	0,	'',	''),
(209,	12,	'A',	'0000-00-00 00:00:00',	0,	'',	0,	0,	210,	260,	'0000-00-00 00:00:00',	'0000-00-00 00:00:00',	'0000-00-00 00:00:00',	0,	'',	''),
(210,	12,	'A',	'0000-00-00 00:00:00',	0,	'',	0,	0,	235,	260,	'0000-00-00 00:00:00',	'0000-00-00 00:00:00',	'0000-00-00 00:00:00',	0,	'',	''),
(211,	12,	'A',	'0000-00-00 00:00:00',	0,	'',	0,	0,	260,	260,	'0000-00-00 00:00:00',	'0000-00-00 00:00:00',	'0000-00-00 00:00:00',	0,	'',	''),
(212,	12,	'A',	'0000-00-00 00:00:00',	0,	'',	0,	0,	285,	260,	'0000-00-00 00:00:00',	'0000-00-00 00:00:00',	'0000-00-00 00:00:00',	0,	'',	''),
(213,	12,	'A',	'0000-00-00 00:00:00',	0,	'',	0,	0,	310,	260,	'0000-00-00 00:00:00',	'0000-00-00 00:00:00',	'0000-00-00 00:00:00',	0,	'',	''),
(214,	12,	'A',	'0000-00-00 00:00:00',	0,	'',	0,	0,	335,	260,	'0000-00-00 00:00:00',	'0000-00-00 00:00:00',	'0000-00-00 00:00:00',	0,	'',	''),
(215,	12,	'A',	'0000-00-00 00:00:00',	0,	'',	0,	0,	360,	260,	'0000-00-00 00:00:00',	'0000-00-00 00:00:00',	'0000-00-00 00:00:00',	0,	'',	''),
(216,	12,	'A',	'0000-00-00 00:00:00',	0,	'',	0,	0,	385,	260,	'0000-00-00 00:00:00',	'0000-00-00 00:00:00',	'0000-00-00 00:00:00',	0,	'',	''),
(217,	12,	'A',	'0000-00-00 00:00:00',	0,	'',	0,	0,	410,	260,	'0000-00-00 00:00:00',	'0000-00-00 00:00:00',	'0000-00-00 00:00:00',	0,	'',	''),
(218,	12,	'A',	'0000-00-00 00:00:00',	0,	'',	0,	0,	435,	260,	'0000-00-00 00:00:00',	'0000-00-00 00:00:00',	'0000-00-00 00:00:00',	0,	'',	''),
(219,	12,	'A',	'0000-00-00 00:00:00',	0,	'',	0,	0,	460,	260,	'0000-00-00 00:00:00',	'0000-00-00 00:00:00',	'0000-00-00 00:00:00',	0,	'',	''),
(220,	12,	'A',	'0000-00-00 00:00:00',	0,	'',	0,	0,	485,	260,	'0000-00-00 00:00:00',	'0000-00-00 00:00:00',	'0000-00-00 00:00:00',	0,	'',	''),
(221,	12,	'A',	'0000-00-00 00:00:00',	0,	'',	0,	0,	10,	285,	'0000-00-00 00:00:00',	'0000-00-00 00:00:00',	'0000-00-00 00:00:00',	0,	'',	''),
(222,	12,	'A',	'0000-00-00 00:00:00',	0,	'',	0,	0,	35,	285,	'0000-00-00 00:00:00',	'0000-00-00 00:00:00',	'0000-00-00 00:00:00',	0,	'',	''),
(223,	12,	'A',	'0000-00-00 00:00:00',	0,	'',	0,	0,	60,	285,	'0000-00-00 00:00:00',	'0000-00-00 00:00:00',	'0000-00-00 00:00:00',	0,	'',	''),
(224,	12,	'A',	'0000-00-00 00:00:00',	0,	'',	0,	0,	85,	285,	'0000-00-00 00:00:00',	'0000-00-00 00:00:00',	'0000-00-00 00:00:00',	0,	'',	''),
(225,	12,	'A',	'0000-00-00 00:00:00',	0,	'',	0,	0,	110,	285,	'0000-00-00 00:00:00',	'0000-00-00 00:00:00',	'0000-00-00 00:00:00',	0,	'',	''),
(226,	12,	'A',	'0000-00-00 00:00:00',	0,	'',	0,	0,	135,	285,	'0000-00-00 00:00:00',	'0000-00-00 00:00:00',	'0000-00-00 00:00:00',	0,	'',	''),
(227,	12,	'A',	'0000-00-00 00:00:00',	0,	'',	0,	0,	160,	285,	'0000-00-00 00:00:00',	'0000-00-00 00:00:00',	'0000-00-00 00:00:00',	0,	'',	''),
(228,	12,	'A',	'0000-00-00 00:00:00',	0,	'',	0,	0,	185,	285,	'0000-00-00 00:00:00',	'0000-00-00 00:00:00',	'0000-00-00 00:00:00',	0,	'',	''),
(229,	12,	'A',	'0000-00-00 00:00:00',	0,	'',	0,	0,	210,	285,	'0000-00-00 00:00:00',	'0000-00-00 00:00:00',	'0000-00-00 00:00:00',	0,	'',	''),
(230,	12,	'A',	'0000-00-00 00:00:00',	0,	'',	0,	0,	235,	285,	'0000-00-00 00:00:00',	'0000-00-00 00:00:00',	'0000-00-00 00:00:00',	0,	'',	''),
(231,	12,	'A',	'0000-00-00 00:00:00',	0,	'',	0,	0,	260,	285,	'0000-00-00 00:00:00',	'0000-00-00 00:00:00',	'0000-00-00 00:00:00',	0,	'',	''),
(232,	12,	'A',	'0000-00-00 00:00:00',	0,	'',	0,	0,	285,	285,	'0000-00-00 00:00:00',	'0000-00-00 00:00:00',	'0000-00-00 00:00:00',	0,	'',	''),
(233,	12,	'A',	'0000-00-00 00:00:00',	0,	'',	0,	0,	310,	285,	'0000-00-00 00:00:00',	'0000-00-00 00:00:00',	'0000-00-00 00:00:00',	0,	'',	''),
(234,	12,	'A',	'0000-00-00 00:00:00',	0,	'',	0,	0,	335,	285,	'0000-00-00 00:00:00',	'0000-00-00 00:00:00',	'0000-00-00 00:00:00',	0,	'',	''),
(235,	12,	'A',	'0000-00-00 00:00:00',	0,	'',	0,	0,	360,	285,	'0000-00-00 00:00:00',	'0000-00-00 00:00:00',	'0000-00-00 00:00:00',	0,	'',	''),
(236,	12,	'A',	'0000-00-00 00:00:00',	0,	'',	0,	0,	385,	285,	'0000-00-00 00:00:00',	'0000-00-00 00:00:00',	'0000-00-00 00:00:00',	0,	'',	''),
(237,	12,	'A',	'0000-00-00 00:00:00',	0,	'',	0,	0,	410,	285,	'0000-00-00 00:00:00',	'0000-00-00 00:00:00',	'0000-00-00 00:00:00',	0,	'',	''),
(238,	12,	'A',	'0000-00-00 00:00:00',	0,	'',	0,	0,	435,	285,	'0000-00-00 00:00:00',	'0000-00-00 00:00:00',	'0000-00-00 00:00:00',	0,	'',	''),
(239,	12,	'A',	'0000-00-00 00:00:00',	0,	'',	0,	0,	460,	285,	'0000-00-00 00:00:00',	'0000-00-00 00:00:00',	'0000-00-00 00:00:00',	0,	'',	''),
(240,	12,	'A',	'0000-00-00 00:00:00',	0,	'',	23,	0,	485,	285,	'2013-01-22 09:41:12',	'2013-01-26 09:41:12',	'2013-01-20 01:33:52',	2,	'',	''),
(241,	12,	'A',	'0000-00-00 00:00:00',	0,	'',	0,	0,	10,	310,	'0000-00-00 00:00:00',	'0000-00-00 00:00:00',	'0000-00-00 00:00:00',	0,	'',	''),
(242,	12,	'A',	'0000-00-00 00:00:00',	0,	'',	0,	0,	35,	310,	'0000-00-00 00:00:00',	'0000-00-00 00:00:00',	'0000-00-00 00:00:00',	0,	'',	''),
(243,	12,	'A',	'0000-00-00 00:00:00',	0,	'',	0,	0,	60,	310,	'0000-00-00 00:00:00',	'0000-00-00 00:00:00',	'0000-00-00 00:00:00',	0,	'',	''),
(244,	12,	'A',	'0000-00-00 00:00:00',	0,	'',	0,	0,	85,	310,	'0000-00-00 00:00:00',	'0000-00-00 00:00:00',	'0000-00-00 00:00:00',	0,	'',	''),
(245,	12,	'A',	'0000-00-00 00:00:00',	0,	'',	0,	0,	110,	310,	'0000-00-00 00:00:00',	'0000-00-00 00:00:00',	'0000-00-00 00:00:00',	0,	'',	''),
(246,	12,	'A',	'0000-00-00 00:00:00',	0,	'',	0,	0,	135,	310,	'0000-00-00 00:00:00',	'0000-00-00 00:00:00',	'0000-00-00 00:00:00',	0,	'',	''),
(247,	12,	'A',	'0000-00-00 00:00:00',	0,	'',	0,	0,	160,	310,	'0000-00-00 00:00:00',	'0000-00-00 00:00:00',	'0000-00-00 00:00:00',	0,	'',	''),
(248,	12,	'A',	'0000-00-00 00:00:00',	0,	'',	0,	0,	185,	310,	'0000-00-00 00:00:00',	'0000-00-00 00:00:00',	'0000-00-00 00:00:00',	0,	'',	''),
(249,	12,	'A',	'0000-00-00 00:00:00',	0,	'',	0,	0,	210,	310,	'0000-00-00 00:00:00',	'0000-00-00 00:00:00',	'0000-00-00 00:00:00',	0,	'',	''),
(250,	12,	'A',	'0000-00-00 00:00:00',	0,	'',	0,	0,	235,	310,	'0000-00-00 00:00:00',	'0000-00-00 00:00:00',	'0000-00-00 00:00:00',	0,	'',	''),
(251,	12,	'A',	'0000-00-00 00:00:00',	0,	'',	0,	0,	260,	310,	'0000-00-00 00:00:00',	'0000-00-00 00:00:00',	'0000-00-00 00:00:00',	0,	'',	''),
(252,	12,	'A',	'0000-00-00 00:00:00',	0,	'',	0,	0,	285,	310,	'0000-00-00 00:00:00',	'0000-00-00 00:00:00',	'0000-00-00 00:00:00',	0,	'',	''),
(253,	12,	'A',	'0000-00-00 00:00:00',	0,	'',	0,	0,	310,	310,	'0000-00-00 00:00:00',	'0000-00-00 00:00:00',	'0000-00-00 00:00:00',	0,	'',	''),
(254,	12,	'A',	'0000-00-00 00:00:00',	0,	'',	0,	0,	335,	310,	'0000-00-00 00:00:00',	'0000-00-00 00:00:00',	'0000-00-00 00:00:00',	0,	'',	''),
(255,	12,	'A',	'0000-00-00 00:00:00',	0,	'',	0,	0,	360,	310,	'0000-00-00 00:00:00',	'0000-00-00 00:00:00',	'0000-00-00 00:00:00',	0,	'',	''),
(256,	12,	'A',	'0000-00-00 00:00:00',	0,	'',	0,	0,	385,	310,	'0000-00-00 00:00:00',	'0000-00-00 00:00:00',	'0000-00-00 00:00:00',	0,	'',	''),
(257,	12,	'A',	'0000-00-00 00:00:00',	0,	'',	0,	0,	410,	310,	'0000-00-00 00:00:00',	'0000-00-00 00:00:00',	'0000-00-00 00:00:00',	0,	'',	''),
(258,	12,	'A',	'0000-00-00 00:00:00',	0,	'',	0,	0,	435,	310,	'0000-00-00 00:00:00',	'0000-00-00 00:00:00',	'0000-00-00 00:00:00',	0,	'',	''),
(259,	12,	'A',	'0000-00-00 00:00:00',	0,	'',	0,	0,	460,	310,	'0000-00-00 00:00:00',	'0000-00-00 00:00:00',	'0000-00-00 00:00:00',	0,	'',	''),
(260,	12,	'A',	'0000-00-00 00:00:00',	0,	'',	23,	0,	485,	310,	'2013-01-22 09:41:12',	'2013-01-26 09:41:12',	'2013-01-20 01:33:52',	2,	'',	''),
(261,	12,	'A',	'0000-00-00 00:00:00',	0,	'',	0,	0,	10,	335,	'0000-00-00 00:00:00',	'0000-00-00 00:00:00',	'0000-00-00 00:00:00',	0,	'',	''),
(262,	12,	'A',	'0000-00-00 00:00:00',	0,	'',	0,	0,	35,	335,	'0000-00-00 00:00:00',	'0000-00-00 00:00:00',	'0000-00-00 00:00:00',	0,	'',	''),
(263,	12,	'A',	'0000-00-00 00:00:00',	0,	'',	0,	0,	60,	335,	'0000-00-00 00:00:00',	'0000-00-00 00:00:00',	'0000-00-00 00:00:00',	0,	'',	''),
(264,	12,	'A',	'0000-00-00 00:00:00',	0,	'',	0,	0,	85,	335,	'0000-00-00 00:00:00',	'0000-00-00 00:00:00',	'0000-00-00 00:00:00',	0,	'',	''),
(265,	12,	'A',	'0000-00-00 00:00:00',	0,	'',	0,	0,	110,	335,	'0000-00-00 00:00:00',	'0000-00-00 00:00:00',	'0000-00-00 00:00:00',	0,	'',	''),
(266,	12,	'A',	'0000-00-00 00:00:00',	0,	'',	0,	0,	135,	335,	'0000-00-00 00:00:00',	'0000-00-00 00:00:00',	'0000-00-00 00:00:00',	0,	'',	''),
(267,	12,	'A',	'0000-00-00 00:00:00',	0,	'',	0,	0,	160,	335,	'0000-00-00 00:00:00',	'0000-00-00 00:00:00',	'0000-00-00 00:00:00',	0,	'',	''),
(268,	12,	'A',	'0000-00-00 00:00:00',	0,	'',	0,	0,	185,	335,	'0000-00-00 00:00:00',	'0000-00-00 00:00:00',	'0000-00-00 00:00:00',	0,	'',	''),
(269,	12,	'A',	'0000-00-00 00:00:00',	0,	'',	0,	0,	210,	335,	'0000-00-00 00:00:00',	'0000-00-00 00:00:00',	'0000-00-00 00:00:00',	0,	'',	''),
(270,	12,	'A',	'0000-00-00 00:00:00',	0,	'',	0,	0,	235,	335,	'0000-00-00 00:00:00',	'0000-00-00 00:00:00',	'0000-00-00 00:00:00',	0,	'',	''),
(271,	12,	'A',	'0000-00-00 00:00:00',	0,	'',	0,	0,	260,	335,	'0000-00-00 00:00:00',	'0000-00-00 00:00:00',	'0000-00-00 00:00:00',	0,	'',	''),
(272,	12,	'A',	'0000-00-00 00:00:00',	0,	'',	0,	0,	285,	335,	'0000-00-00 00:00:00',	'0000-00-00 00:00:00',	'0000-00-00 00:00:00',	0,	'',	''),
(273,	12,	'A',	'0000-00-00 00:00:00',	0,	'',	0,	0,	310,	335,	'0000-00-00 00:00:00',	'0000-00-00 00:00:00',	'0000-00-00 00:00:00',	0,	'',	''),
(274,	12,	'A',	'0000-00-00 00:00:00',	0,	'',	0,	0,	335,	335,	'0000-00-00 00:00:00',	'0000-00-00 00:00:00',	'0000-00-00 00:00:00',	0,	'',	''),
(275,	12,	'A',	'0000-00-00 00:00:00',	0,	'',	0,	0,	360,	335,	'0000-00-00 00:00:00',	'0000-00-00 00:00:00',	'0000-00-00 00:00:00',	0,	'',	''),
(276,	12,	'A',	'0000-00-00 00:00:00',	0,	'',	0,	0,	385,	335,	'0000-00-00 00:00:00',	'0000-00-00 00:00:00',	'0000-00-00 00:00:00',	0,	'',	''),
(277,	12,	'A',	'0000-00-00 00:00:00',	0,	'',	0,	0,	410,	335,	'0000-00-00 00:00:00',	'0000-00-00 00:00:00',	'0000-00-00 00:00:00',	0,	'',	''),
(278,	12,	'A',	'0000-00-00 00:00:00',	0,	'',	0,	0,	435,	335,	'0000-00-00 00:00:00',	'0000-00-00 00:00:00',	'0000-00-00 00:00:00',	0,	'',	''),
(279,	12,	'A',	'0000-00-00 00:00:00',	0,	'',	0,	0,	460,	335,	'0000-00-00 00:00:00',	'0000-00-00 00:00:00',	'0000-00-00 00:00:00',	0,	'',	''),
(280,	12,	'A',	'0000-00-00 00:00:00',	0,	'',	23,	0,	485,	335,	'2013-01-22 09:41:12',	'2013-01-26 09:41:12',	'2013-01-20 01:33:52',	2,	'',	''),
(281,	12,	'A',	'2013-01-24 16:29:03',	45,	'',	1,	0,	10,	360,	'2013-01-22 15:30:19',	'2013-02-07 15:30:19',	'2013-01-20 01:33:52',	1,	'9299467407564',	'vIU34ZdhybDTdDwv08BhyF2GHomtfdAKVvO0v1h3dVWqztWACy'),
(282,	12,	'A',	'2013-01-24 16:29:03',	45,	'',	1,	0,	35,	360,	'2013-01-22 15:30:19',	'2013-02-07 15:30:19',	'2013-01-20 01:33:52',	1,	'9300724531073',	'RaeURViepyrZjmv7m09E3mA0N9tJJ6iBhww8sPnRnORGbmOxmX'),
(283,	12,	'A',	'2013-01-24 16:29:03',	45,	'',	1,	0,	60,	360,	'2013-01-22 15:30:19',	'2013-02-07 15:30:19',	'2013-01-20 01:33:52',	1,	'9301227284800',	'cpkMp7WTRGZ9igFOp7DMY1BPHMbwkxtwXNimUfgLVgUdxz2XHG'),
(284,	12,	'A',	'2013-01-24 16:29:03',	45,	'',	1,	0,	85,	360,	'2013-01-22 15:30:19',	'2013-02-07 15:30:19',	'2013-01-20 01:33:52',	1,	'9302363412492',	'JFHlup7GVreoXbcgy7vPSr5NFDnIA4ojJ5FevMVqd9Pbk2sT9Y'),
(285,	12,	'A',	'2013-01-24 16:29:03',	45,	'',	1,	0,	110,	360,	'2013-01-22 15:30:19',	'2013-02-07 15:30:19',	'2013-01-20 01:33:52',	1,	'9303552969414',	'I2qNP5qdN0hck1hZgNMce0l3cG6EzfChi2578wlWwD8RFqRWdD'),
(286,	12,	'A',	'2013-01-24 16:29:03',	45,	'',	1,	0,	135,	360,	'2013-01-22 15:30:19',	'2013-02-07 15:30:19',	'2013-01-20 01:33:52',	1,	'9304062078054',	'8rEtvQ9BuJR709a6hiCCe9gn0VNSR0wZsatY0DzumrCnBMtS46'),
(287,	12,	'A',	'2013-01-24 16:29:03',	45,	'',	1,	0,	160,	360,	'2013-01-22 15:30:19',	'2013-02-07 15:30:19',	'2013-01-20 01:33:52',	1,	'9305267189965',	'vjfLGgHt8yuFyXP1VQEvk1WXoxJSqNYV7eHNuohDXLjwI8xDYc'),
(288,	12,	'A',	'2013-01-24 16:29:03',	45,	'',	1,	0,	185,	360,	'2013-01-22 15:30:19',	'2013-02-07 15:30:19',	'2013-01-20 01:33:52',	1,	'9306458194140',	'9je5gDD0v3OuZVJGId5ZR2Laztj67ijgCxmSaZTG3Hb2CUJl8O'),
(289,	12,	'A',	'0000-00-00 00:00:00',	0,	'',	0,	0,	210,	360,	'0000-00-00 00:00:00',	'0000-00-00 00:00:00',	'0000-00-00 00:00:00',	0,	'',	''),
(290,	12,	'A',	'0000-00-00 00:00:00',	0,	'',	0,	0,	235,	360,	'0000-00-00 00:00:00',	'0000-00-00 00:00:00',	'0000-00-00 00:00:00',	0,	'',	''),
(291,	12,	'A',	'0000-00-00 00:00:00',	0,	'',	0,	0,	260,	360,	'0000-00-00 00:00:00',	'0000-00-00 00:00:00',	'0000-00-00 00:00:00',	0,	'',	''),
(292,	12,	'A',	'0000-00-00 00:00:00',	0,	'',	0,	0,	285,	360,	'0000-00-00 00:00:00',	'0000-00-00 00:00:00',	'0000-00-00 00:00:00',	0,	'',	''),
(293,	12,	'A',	'0000-00-00 00:00:00',	0,	'',	0,	0,	310,	360,	'0000-00-00 00:00:00',	'0000-00-00 00:00:00',	'0000-00-00 00:00:00',	0,	'',	''),
(294,	12,	'A',	'0000-00-00 00:00:00',	0,	'',	0,	0,	335,	360,	'0000-00-00 00:00:00',	'0000-00-00 00:00:00',	'0000-00-00 00:00:00',	0,	'',	''),
(295,	12,	'A',	'0000-00-00 00:00:00',	0,	'',	0,	0,	360,	360,	'0000-00-00 00:00:00',	'0000-00-00 00:00:00',	'0000-00-00 00:00:00',	0,	'',	''),
(296,	12,	'A',	'0000-00-00 00:00:00',	0,	'',	0,	0,	385,	360,	'0000-00-00 00:00:00',	'0000-00-00 00:00:00',	'0000-00-00 00:00:00',	0,	'',	''),
(297,	12,	'A',	'0000-00-00 00:00:00',	0,	'',	0,	0,	410,	360,	'0000-00-00 00:00:00',	'0000-00-00 00:00:00',	'0000-00-00 00:00:00',	0,	'',	''),
(298,	12,	'A',	'0000-00-00 00:00:00',	0,	'',	0,	0,	435,	360,	'0000-00-00 00:00:00',	'0000-00-00 00:00:00',	'0000-00-00 00:00:00',	0,	'',	''),
(299,	12,	'A',	'0000-00-00 00:00:00',	0,	'',	0,	0,	460,	360,	'0000-00-00 00:00:00',	'0000-00-00 00:00:00',	'0000-00-00 00:00:00',	0,	'',	''),
(300,	12,	'A',	'0000-00-00 00:00:00',	0,	'',	23,	0,	485,	360,	'2013-01-22 09:41:12',	'2013-01-26 09:41:12',	'2013-01-20 01:33:52',	2,	'',	'');

DROP TABLE IF EXISTS `rzrv_Session`;
CREATE TABLE `rzrv_Session` (
  `id` int(11) NOT NULL auto_increment,
  `user_ID` int(11) NOT NULL,
  `timestamp` datetime NOT NULL,
  `session_key` char(50) NOT NULL,
  PRIMARY KEY  (`id`)
) ENGINE=MyISAM DEFAULT CHARSET=latin1;


DROP TABLE IF EXISTS `rzrv_Tables`;
CREATE TABLE `rzrv_Tables` (
  `hall_ID` int(11) NOT NULL COMMENT 'ID mistnosti (cizi klic)',
  `table_number` int(11) NOT NULL COMMENT 'cislo stolu v mistnosti (klic)',
  `x` int(11) NOT NULL COMMENT 'x-ova souradnice na mape mistnosti',
  `y` int(11) NOT NULL COMMENT 'y-ova souradnice na mape mistnosti',
  `type` char(20) default NULL COMMENT 'typ stolu (round,rectangular)',
  `width` int(11) default NULL COMMENT 'sirka obdelnikoveho stolu',
  `length` int(11) default NULL COMMENT 'delka obdelnikoveho stolu',
  `radius` int(11) default NULL COMMENT 'polomer kulateho stolu',
  `label` char(30) default NULL COMMENT 'textovy popisek stolu',
  `seat_count` int(11) default NULL COMMENT 'pocet sedadel u stolu',
  PRIMARY KEY  (`hall_ID`,`table_number`)
) ENGINE=MyISAM DEFAULT CHARSET=latin1;

INSERT INTO `rzrv_Tables` (`hall_ID`, `table_number`, `x`, `y`, `type`, `width`, `length`, `radius`, `label`, `seat_count`) VALUES
(6,	27,	26,	34,	'rectangular',	50,	24,	NULL,	'-10 + 27i',	4),
(6,	28,	26,	107,	'rectangular',	50,	24,	NULL,	'-10 + 28i',	4),
(6,	29,	26,	177,	'rectangular',	50,	24,	NULL,	'-10 + 29i',	4),
(6,	30,	26,	251,	'rectangular',	50,	24,	NULL,	'-10 + 30i',	4),
(6,	35,	35,	601,	'rectangular',	29,	50,	NULL,	'-10 + 35i',	4),
(6,	34,	35,	529,	'rectangular',	29,	50,	NULL,	'-10 + 34i',	4),
(6,	33,	35,	468,	'rectangular',	29,	50,	NULL,	'-10 + 33i',	4),
(6,	32,	26,	405,	'rectangular',	50,	24,	NULL,	'-10 + 32i',	4),
(6,	31,	26,	338,	'rectangular',	50,	24,	NULL,	'-10 + 31i',	4),
(6,	18,	121,	601,	'rectangular',	29,	50,	NULL,	'-10 + 18i',	4),
(6,	19,	121,	529,	'rectangular',	29,	50,	NULL,	'-10 + 19i',	4),
(6,	20,	121,	467,	'rectangular',	29,	50,	NULL,	'-10 + 20i',	4),
(5,	1,	442,	133,	'rectangular',	30,	50,	NULL,	'1i',	6),
(5,	2,	366,	133,	'rectangular',	30,	50,	NULL,	'2i',	6),
(5,	3,	291,	133,	'rectangular',	30,	50,	NULL,	'3i',	6),
(5,	4,	215,	133,	'rectangular',	30,	50,	NULL,	'4i',	6),
(5,	5,	140,	133,	'rectangular',	30,	50,	NULL,	'5i',	6),
(5,	6,	64,	133,	'rectangular',	30,	50,	NULL,	'6i',	6),
(5,	7,	442,	47,	'rectangular',	30,	50,	NULL,	'7i',	5),
(5,	8,	366,	47,	'rectangular',	30,	50,	NULL,	'8i',	5),
(5,	9,	293,	47,	'rectangular',	30,	50,	NULL,	'9i',	5),
(5,	10,	219,	47,	'rectangular',	30,	50,	NULL,	'10i',	5),
(5,	11,	143,	47,	'rectangular',	30,	50,	NULL,	'11i',	5),
(5,	12,	66,	47,	'rectangular',	30,	50,	NULL,	'12i',	5),
(6,	21,	121,	393,	'rectangular',	29,	50,	NULL,	'-10 + 21i',	4),
(6,	22,	121,	324,	'rectangular',	29,	50,	NULL,	'-10 + 22i',	4),
(6,	23,	113,	252,	'rectangular',	50,	24,	NULL,	'-10 + 23i',	4),
(6,	24,	114,	176,	'rectangular',	50,	24,	NULL,	'-10 + 24i',	4),
(6,	25,	115,	106,	'rectangular',	50,	24,	NULL,	'-10 + 25i',	4),
(6,	26,	116,	35,	'rectangular',	50,	24,	NULL,	'-10 + 26i',	4),
(6,	17,	221,	558,	'rectangular',	29,	50,	NULL,	'-10 + 17i',	4),
(6,	16,	211,	492,	'rectangular',	50,	24,	NULL,	'-10 + 16i',	4),
(6,	14,	265,	119,	'rectangular',	50,	24,	NULL,	'-10 + 14i',	4),
(6,	13,	265,	48,	'rectangular',	50,	24,	NULL,	'-10 + 13i',	4),
(6,	15,	230,	250,	'rectangular',	50,	24,	NULL,	'-10 + 15i',	4),
(6,	12,	318,	473,	'rectangular',	29,	50,	NULL,	'-10 + 12i',	4),
(6,	11,	319,	558,	'rectangular',	29,	50,	NULL,	'-10 + 11i',	4),
(6,	10,	418,	601,	'rectangular',	29,	50,	NULL,	'-10 + 10i',	4),
(6,	9,	418,	515,	'rectangular',	29,	50,	NULL,	'-10 + 9i',	4),
(6,	8,	407,	149,	'rectangular',	29,	50,	NULL,	'-10 + 8i',	4),
(6,	7,	408,	86,	'rectangular',	29,	50,	NULL,	'-10 + 7i',	4),
(6,	6,	407,	22,	'rectangular',	29,	50,	NULL,	'-10 + 6i',	4),
(6,	5,	502,	21,	'rectangular',	29,	50,	NULL,	'-10 + 5i',	4),
(6,	4,	501,	86,	'rectangular',	29,	50,	NULL,	'-10 + 4i',	4),
(6,	3,	501,	149,	'rectangular',	29,	50,	NULL,	'-10 + 3i',	4),
(6,	2,	511,	516,	'rectangular',	29,	50,	NULL,	'-10 + 2i',	4),
(6,	1,	510,	601,	'rectangular',	29,	50,	NULL,	'-10 + 1i',	4),
(7,	14,	498,	155,	'round',	NULL,	NULL,	30,	'11 + 14i',	10),
(7,	5,	106,	568,	'round',	NULL,	NULL,	30,	'11 + 5i',	10),
(7,	9,	498,	268,	'round',	NULL,	NULL,	30,	'11 + 9i',	10),
(7,	8,	498,	381,	'round',	NULL,	NULL,	30,	'11 + 8i',	10),
(7,	12,	248,	155,	'round',	NULL,	NULL,	30,	'11 + 12i',	10),
(7,	11,	248,	268,	'round',	NULL,	NULL,	30,	'11 + 11i',	10),
(7,	6,	248,	381,	'round',	NULL,	NULL,	30,	'11 + 6i',	10),
(7,	15,	372,	73,	'round',	NULL,	NULL,	30,	'11 + 15i',	10),
(7,	13,	372,	186,	'round',	NULL,	NULL,	30,	'11 + 13i',	10),
(7,	10,	372,	299,	'round',	NULL,	NULL,	30,	'11 + 10i',	10),
(7,	7,	373,	412,	'round',	NULL,	NULL,	30,	'11 + 7i',	10),
(7,	4,	239,	538,	'round',	NULL,	NULL,	30,	'11 + 4i',	10),
(7,	3,	372,	525,	'round',	NULL,	NULL,	30,	'11 + 3i',	10),
(7,	2,	507,	538,	'round',	NULL,	NULL,	30,	'11 + 2i',	10),
(7,	1,	631,	568,	'round',	NULL,	NULL,	30,	'11 + 1i',	10),
(8,	1,	67,	310,	'round',	NULL,	NULL,	30,	'12 + 1i',	10),
(8,	6,	331,	310,	'round',	NULL,	NULL,	30,	'12 + 6i',	10),
(8,	5,	330,	182,	'round',	NULL,	NULL,	30,	'12 + 5i',	10),
(8,	2,	67,	182,	'round',	NULL,	NULL,	30,	'12 + 2i',	10),
(8,	4,	259,	62,	'round',	NULL,	NULL,	30,	'12 + 4i',	10),
(8,	3,	138,	62,	'round',	NULL,	NULL,	30,	'12 + 3i',	10),
(9,	33,	24,	634,	'rectangular',	45,	19,	NULL,	'20 + 33i',	4),
(9,	32,	24,	529,	'rectangular',	45,	19,	NULL,	'20 + 32i',	4),
(9,	31,	24,	426,	'rectangular',	45,	19,	NULL,	'20 + 31i',	4),
(9,	30,	24,	323,	'rectangular',	45,	19,	NULL,	'20 + 30i',	4),
(9,	29,	24,	220,	'rectangular',	45,	19,	NULL,	'20 + 29i',	4),
(9,	28,	24,	117,	'rectangular',	45,	19,	NULL,	'20 + 28i',	4),
(9,	19,	128,	644,	'rectangular',	19,	40,	NULL,	'20 + 19i',	6),
(9,	20,	128,	572,	'rectangular',	19,	40,	NULL,	'20 + 20i',	4),
(9,	21,	128,	500,	'rectangular',	19,	40,	NULL,	'20 + 21i',	6),
(9,	22,	128,	428,	'rectangular',	19,	40,	NULL,	'20 + 22i',	4),
(9,	23,	128,	356,	'rectangular',	19,	40,	NULL,	'20 + 23i',	6),
(9,	24,	128,	284,	'rectangular',	19,	40,	NULL,	'20 + 24i',	4),
(9,	25,	128,	212,	'rectangular',	19,	40,	NULL,	'20 + 25i',	6),
(9,	26,	128,	140,	'rectangular',	19,	40,	NULL,	'20 + 26i',	4),
(9,	27,	128,	68,	'rectangular',	19,	40,	NULL,	'20 + 27i',	6),
(9,	18,	215,	644,	'rectangular',	19,	40,	NULL,	'20 + 18i',	4),
(9,	17,	215,	572,	'rectangular',	19,	40,	NULL,	'20 + 17i',	6),
(9,	16,	215,	500,	'rectangular',	19,	40,	NULL,	'20 + 16i',	4),
(9,	15,	215,	428,	'rectangular',	19,	40,	NULL,	'20 + 15i',	6),
(9,	14,	215,	356,	'rectangular',	19,	40,	NULL,	'20 + 14i',	4),
(9,	13,	215,	284,	'rectangular',	19,	40,	NULL,	'20 + 13i',	6),
(9,	12,	215,	212,	'rectangular',	19,	40,	NULL,	'20 + 12i',	4),
(9,	11,	215,	140,	'rectangular',	19,	40,	NULL,	'20 + 11i',	6),
(9,	10,	215,	68,	'rectangular',	19,	40,	NULL,	'20 + 10i',	4),
(9,	9,	295,	40,	'rectangular',	50,	24,	NULL,	'20 + 9i',	4),
(9,	8,	295,	125,	'rectangular',	50,	24,	NULL,	'20 + 8i',	4),
(9,	7,	295,	210,	'rectangular',	50,	24,	NULL,	'20 + 7i',	4),
(9,	6,	295,	295,	'rectangular',	50,	24,	NULL,	'20 + 6i',	4),
(9,	5,	295,	380,	'rectangular',	50,	24,	NULL,	'20 + 5i',	4),
(9,	4,	295,	465,	'rectangular',	50,	24,	NULL,	'20 + 4i',	4),
(9,	3,	295,	550,	'rectangular',	50,	24,	NULL,	'20 + 3i',	4),
(9,	2,	295,	635,	'rectangular',	50,	24,	NULL,	'20 + 2i',	4),
(9,	1,	295,	720,	'rectangular',	50,	24,	NULL,	'20 + 1i',	4),
(10,	7,	150,	21,	'rectangular',	19,	40,	NULL,	'10 + 7i',	4),
(10,	6,	245,	78,	'rectangular',	50,	24,	NULL,	'10 + 6i',	4),
(10,	5,	245,	172,	'rectangular',	50,	24,	NULL,	'10 + 5i',	4),
(10,	4,	245,	266,	'rectangular',	50,	24,	NULL,	'10 + 4i',	4),
(10,	3,	245,	360,	'rectangular',	50,	24,	NULL,	'10 + 3i',	4),
(10,	8,	150,	83,	'rectangular',	19,	40,	NULL,	'10 + 8i',	4),
(10,	2,	245,	454,	'rectangular',	50,	24,	NULL,	'10 + 2i',	4),
(10,	1,	245,	549,	'rectangular',	50,	24,	NULL,	'10 + 1i',	4),
(10,	10,	150,	235,	'rectangular',	19,	40,	NULL,	'10 + 10i',	4),
(10,	13,	150,	452,	'rectangular',	19,	40,	NULL,	'10 + 13i',	6),
(10,	14,	150,	522,	'rectangular',	19,	40,	NULL,	'10 + 14i',	4),
(10,	15,	150,	592,	'rectangular',	19,	40,	NULL,	'10 + 15i',	6),
(10,	16,	31,	619,	'rectangular',	50,	24,	NULL,	'10 + 16i',	5),
(10,	9,	150,	161,	'rectangular',	19,	40,	NULL,	'10 + 9i',	6),
(10,	11,	150,	308,	'rectangular',	19,	40,	NULL,	'10 + 11i',	6),
(10,	23,	31,	192,	'rectangular',	50,	19,	NULL,	'10 + 23i',	5),
(10,	22,	31,	253,	'rectangular',	50,	19,	NULL,	'10 + 22i',	5),
(10,	21,	31,	314,	'rectangular',	50,	19,	NULL,	'10 + 21i',	5),
(10,	20,	31,	375,	'rectangular',	50,	19,	NULL,	'10 + 20i',	5),
(10,	19,	31,	436,	'rectangular',	50,	19,	NULL,	'10 + 19i',	5),
(10,	18,	31,	497,	'rectangular',	50,	19,	NULL,	'10 + 18i',	5),
(10,	17,	31,	558,	'rectangular',	50,	19,	NULL,	'10 + 17i',	5),
(10,	12,	150,	379,	'rectangular',	19,	40,	NULL,	'10 + 12i',	4),
(10,	24,	31,	131,	'rectangular',	50,	19,	NULL,	'10 + 24i',	5),
(11,	5,	45,	90,	'rectangular',	29,	50,	NULL,	'21 + 5i',	4),
(11,	6,	132,	90,	'rectangular',	29,	50,	NULL,	'21 + 6i',	4),
(11,	7,	219,	90,	'rectangular',	29,	50,	NULL,	'21 + 7i',	4),
(11,	8,	306,	90,	'rectangular',	29,	50,	NULL,	'21 + 8i',	4),
(11,	9,	45,	150,	'rectangular',	29,	50,	NULL,	'21 + 9i',	4),
(11,	10,	132,	150,	'rectangular',	29,	50,	NULL,	'21 + 10i',	4),
(11,	11,	219,	150,	'rectangular',	29,	50,	NULL,	'21 + 11i',	4),
(11,	12,	306,	150,	'rectangular',	29,	50,	NULL,	'21 + 12i',	4),
(11,	1,	45,	30,	'rectangular',	29,	50,	NULL,	'21 + 1i',	4),
(11,	2,	132,	30,	'rectangular',	29,	50,	NULL,	'21 + 2i',	4),
(11,	3,	219,	30,	'rectangular',	29,	50,	NULL,	'21 + 3i',	4),
(11,	4,	306,	30,	'rectangular',	29,	50,	NULL,	'21 + 4i',	4);

DROP TABLE IF EXISTS `rzrv_User`;
CREATE TABLE `rzrv_User` (
  `id` int(11) NOT NULL auto_increment,
  `hashed_password` varchar(100) NOT NULL,
  `status` tinytext NOT NULL,
  `login` varchar(300) NOT NULL,
  `address` varchar(300) character set utf8 collate utf8_czech_ci NOT NULL,
  `firstname` varchar(300) character set utf8 collate utf8_czech_ci NOT NULL,
  `lastname` varchar(300) character set utf8 collate utf8_czech_ci NOT NULL,
  PRIMARY KEY  (`id`),
  UNIQUE KEY `login` (`login`)
) ENGINE=MyISAM DEFAULT CHARSET=latin1;

INSERT INTO `rzrv_User` (`id`, `hashed_password`, `status`, `login`, `address`, `firstname`, `lastname`) VALUES
(1,	'$1$4iS1.uxk$ldDuUeZB2G09jAiGTHq6S/',	'C',	'karel',	'kb@karelbilek.com',	'Karel',	'Bílek'),
(2,	'$1$4iS1.uxk$ldDuUeZB2G09jAiGTHq6S/',	'A',	'admin',	'kb+super@karelbilek.com',	'admin',	'admin'),
(52,	'$1$4iS1.uxk$ldDuUeZB2G09jAiGTHq6S/',	'P',	'pre_user',	'kb+super@karelbilek.com',	'admin',	'admin'),
(51,	'$1$4iS1.uxk$ldDuUeZB2G09jAiGTHq6S/',	'S',	'prodejce1',	'kb+super@karelbilek.com',	'admin',	'admin');

DROP TABLE IF EXISTS `rzrv_Walls`;
CREATE TABLE `rzrv_Walls` (
  `hall_ID` int(11) NOT NULL COMMENT 'ID mistnosti (cizi klic)',
  `x` int(11) NOT NULL COMMENT 'x-ova souradnice na mape mistnosti',
  `y` int(11) NOT NULL COMMENT 'y-ova souradnice na mape mistnosti',
  `width` int(11) NOT NULL COMMENT 'sirka steny',
  `length` int(11) NOT NULL COMMENT 'delka steny',
  `text` char(255) default NULL COMMENT 'textovy popis steny',
  `forced_key` int(11) NOT NULL auto_increment COMMENT 'umely klic',
  PRIMARY KEY  (`hall_ID`,`forced_key`)
) ENGINE=MyISAM DEFAULT CHARSET=latin1;

INSERT INTO `rzrv_Walls` (`hall_ID`, `x`, `y`, `width`, `length`, `text`, `forced_key`) VALUES
(1,	626,	31,	10,	710,	'',	8),
(1,	16,	31,	10,	710,	'',	7),
(13,	285,	54,	200,	50,	'Pódium',	1),
(1,	26,	31,	600,	10,	'',	6),
(1,	446,	714,	150,	25,	'Buffet',	5),
(1,	455,	340,	150,	200,	'Pódium',	4),
(1,	312,	447,	30,	30,	'',	3),
(1,	313,	228,	30,	30,	'',	2),
(1,	313,	676,	30,	30,	'',	1),
(1,	250,	741,	386,	10,	'',	9);

DROP TABLE IF EXISTS `rzrv_backup_Expired`;
CREATE TABLE `rzrv_backup_Expired` (
  `forced_key` int(11) NOT NULL auto_increment,
  `seat_number` int(11) NOT NULL,
  `hall_ID` int(11) NOT NULL,
  `customer_ID` int(11) NOT NULL,
  `reserv_to_dt` datetime NOT NULL,
  `reserv_dt` datetime NOT NULL,
  `expired_dt` datetime NOT NULL,
  PRIMARY KEY  (`forced_key`)
) ENGINE=MyISAM DEFAULT CHARSET=latin1;


DROP TABLE IF EXISTS `rzrv_backup_Sold`;
CREATE TABLE `rzrv_backup_Sold` (
  `id` int(11) NOT NULL auto_increment COMMENT 'nic moc nerikajici ID',
  `seat_number` int(11) NOT NULL,
  `hall_ID` int(11) NOT NULL,
  `customer_ID` int(11) NOT NULL,
  `reserv_dt` datetime NOT NULL,
  `reserv_to_dt` datetime NOT NULL,
  `sold_dt` datetime NOT NULL,
  `sold_by_ID` int(11) NOT NULL,
  PRIMARY KEY  (`id`)
) ENGINE=MyISAM DEFAULT CHARSET=latin1;


-- 2013-01-24 19:05:50
